week_ending,week_number,broadway_season,status,weekly_gross,diff_gross,avg_ticket,top_ticket,seats_sold,seats_in_theatre,performances,previews,pct_capacity,diff_pct_capacity
2003-10-12,1,2003-04,normal,662666.0,,63.0,100.0,10519.0,1773.0,0.0,6.0,0.9888,
2003-10-19,2,2003-04,normal,821248.0,158582.0,59.92,100.0,13705.0,1773.0,0.0,8.0,0.9662,-0.0226
2003-10-26,3,2003-04,normal,732199.0,-89049.0,59.47,100.0,12313.0,1773.0,0.0,7.0,0.9921,0.0259
2003-11-02,4,2003-04,normal,799286.0,67087.0,63.55,100.0,12577.0,1773.0,4.0,4.0,0.8867,-0.1054
2003-11-09,5,2003-04,normal,892085.0,92799.0,66.06,100.0,13505.0,1773.0,8.0,0.0,0.9521,0.0654
2003-11-16,6,2003-04,normal,926289.0,34204.0,66.75,100.0,13878.0,1773.0,8.0,0.0,0.9784,0.0263
2003-11-23,7,2003-04,normal,886753.0,-39536.0,64.97,100.0,13648.0,1773.0,8.0,0.0,0.9622,-0.0162
2003-11-30,8,2003-04,normal,1121308.0,234555.0,79.05,100.0,14184.0,1773.0,8.0,0.0,1.0,0.0378
2003-12-07,9,2003-04,normal,1010245.0,-111063.0,75.83,100.0,13323.0,1773.0,8.0,0.0,0.9393,-0.0607
2003-12-14,10,2003-04,normal,1023594.0,13349.0,75.72,100.0,13518.0,1773.0,8.0,0.0,0.953,0.0137
2003-12-21,11,2003-04,normal,1042819.0,19225.0,76.38,100.0,13653.0,1773.0,8.0,0.0,0.9626,0.0096000000000001
2003-12-28,12,2003-04,normal,1182972.0,140153.0,83.4,100.0,14184.0,1773.0,8.0,0.0,1.0,0.0374
2004-01-04,13,2003-04,normal,1188937.0,5965.0,83.82,100.0,14184.0,1773.0,8.0,0.0,1.0,0.0
2004-01-11,14,2003-04,normal,1018069.0,-170868.0,75.07,240.0,13561.0,1773.0,8.0,0.0,0.9561,-0.0439
2004-01-18,15,2003-04,normal,1013453.0,-4616.0,75.07,240.0,13501.0,1773.0,8.0,0.0,0.9518,-0.0043
2004-01-25,16,2003-04,normal,1004090.0,-9363.0,74.45,240.0,13487.0,1773.0,8.0,0.0,0.9509,-0.0009
2004-02-01,17,2003-04,normal,951831.0,-52259.0,70.03,240.0,13591.0,1773.0,8.0,0.0,0.9582,0.0073000000000001
2004-02-08,18,2003-04,normal,944793.0,-7038.0,69.11,240.0,13671.0,1773.0,8.0,0.0,0.9638,0.0055999999999999
2004-02-15,19,2003-04,normal,1001323.0,56530.0,73.36,240.0,13649.0,1773.0,8.0,0.0,0.9623,-0.0014999999999999
2004-02-22,20,2003-04,normal,1064731.0,63408.0,75.07,240.0,14184.0,1773.0,8.0,0.0,1.0,0.0377
2004-02-29,21,2003-04,normal,1010324.0,-54407.0,73.32,240.0,13779.0,1773.0,8.0,0.0,0.9714,-0.0286
2004-03-07,22,2003-04,normal,956417.0,-53907.0,72.62,240.0,13170.0,1773.0,8.0,0.0,0.9285,-0.0429
2004-03-14,23,2003-04,normal,1064717.0,108300.0,75.06,240.0,14184.0,1773.0,8.0,0.0,1.0,0.0715
2004-03-21,24,2003-04,normal,1081471.0,16754.0,76.25,240.0,14184.0,1773.0,8.0,0.0,1.0,0.0
2004-03-28,25,2003-04,normal,1070189.0,-11282.0,75.45,240.0,14184.0,1773.0,8.0,0.0,1.0,0.0
2004-04-04,26,2003-04,normal,1101014.0,30825.0,77.62,240.0,14184.0,1773.0,8.0,0.0,1.0,0.0
2004-04-11,27,2003-04,normal,1134594.0,33580.0,79.99,240.0,14184.0,1773.0,8.0,0.0,1.0,0.0
2004-04-18,28,2003-04,normal,1104830.0,-29764.0,77.89,240.0,14184.0,1773.0,8.0,0.0,1.0,0.0
2004-04-25,29,2003-04,normal,1082387.0,-22443.0,76.31,240.0,14184.0,1773.0,8.0,0.0,1.0,0.0
2004-05-02,30,2003-04,normal,1065341.0,-17046.0,75.11,240.0,14184.0,1773.0,8.0,0.0,1.0,0.0
2004-05-09,31,2003-04,normal,1092029.0,26688.0,77.16,240.0,14153.0,1773.0,8.0,0.0,0.9978,-0.0022
2004-05-16,32,2003-04,normal,1080711.0,-11318.0,76.19,240.0,14184.0,1773.0,8.0,0.0,1.0,0.0022
2004-05-23,33,2003-04,normal,1106282.0,25571.0,78.0,240.0,14184.0,1773.0,8.0,0.0,1.0,0.0
2004-05-30,34,2003-04,normal,1107202.0,920.0,78.06,240.0,14184.0,1773.0,8.0,0.0,1.0,0.0
2004-06-06,35,2003-04,normal,953935.0,-153267.0,76.86,240.0,12411.0,1773.0,7.0,0.0,1.0,0.0
2004-06-13,36,2003-04,normal,1270693.0,316758.0,79.63,240.0,15957.0,1773.0,9.0,0.0,1.0,0.0
2004-06-20,37,2003-04,normal,1124528.0,-146165.0,79.28,240.0,14184.0,1773.0,8.0,0.0,1.0,0.0
2004-06-27,38,2003-04,normal,1135355.0,10827.0,80.04,240.0,14184.0,1773.0,8.0,0.0,1.0,0.0
2004-07-04,39,2003-04,normal,1142867.0,7512.0,80.57,240.0,14184.0,1773.0,8.0,0.0,1.0,0.0
2004-07-11,40,2003-04,normal,1142433.0,-434.0,80.54,240.0,14184.0,1773.0,8.0,0.0,1.0,0.0
2004-07-18,41,2003-04,normal,1166136.0,23703.0,82.21,240.0,14184.0,1773.0,8.0,0.0,1.0,0.0
2004-07-25,42,2003-04,normal,1172927.0,6791.0,82.69,240.0,14184.0,1773.0,8.0,0.0,1.0,0.0
2004-08-01,43,2003-04,normal,1174985.0,2058.0,82.84,240.0,14184.0,1773.0,8.0,0.0,1.0,0.0
2004-08-08,44,2003-04,normal,1187804.0,12819.0,82.08,240.0,14472.0,1809.0,8.0,0.0,1.0,0.0
2004-08-15,45,2003-04,normal,1190775.0,2971.0,82.28,240.0,14472.0,1809.0,8.0,0.0,1.0,0.0
2004-08-22,46,2003-04,normal,1201761.0,10986.0,83.04,240.0,14472.0,1809.0,8.0,0.0,1.0,0.0
2004-08-29,47,2003-04,dark_break,,,,240.0,,,,,,
2004-09-05,48,2004-05,normal,1211753.0,9992.0,83.73,240.0,14472.0,1809.0,8.0,0.0,1.0,0.0
2004-09-12,49,2004-05,normal,1192471.0,-19282.0,82.4,240.0,14472.0,1809.0,8.0,0.0,1.0,0.0
2004-09-19,50,2004-05,normal,1165487.0,-26984.0,81.87,240.0,14236.0,1809.0,8.0,0.0,0.9837,-0.0163
2004-09-26,51,2004-05,normal,1172291.0,6804.0,81.0,240.0,14472.0,1809.0,8.0,0.0,1.0,0.0163
2004-10-03,52,2004-05,normal,1178866.0,6575.0,81.46,240.0,14472.0,1809.0,8.0,0.0,1.0,0.0
2004-10-10,53,2004-05,normal,1202536.0,23670.0,83.09,240.0,14472.0,1809.0,8.0,0.0,1.0,0.0
2004-10-17,54,2004-05,normal,1180266.0,-22270.0,81.56,240.0,14472.0,1809.0,8.0,0.0,1.0,0.0
2004-10-24,55,2004-05,normal,1185795.0,5529.0,81.94,240.0,14472.0,1809.0,8.0,0.0,1.0,0.0
2004-10-31,56,2004-05,normal,1195979.0,10184.0,82.64,240.0,14472.0,1809.0,8.0,0.0,1.0,0.0
2004-11-07,57,2004-05,normal,1196658.0,679.0,82.69,240.0,14472.0,1809.0,8.0,0.0,1.0,0.0
2004-11-14,58,2004-05,normal,1196397.0,-261.0,82.67,240.0,14472.0,1809.0,8.0,0.0,1.0,0.0
2004-11-21,59,2004-05,normal,1212075.0,15678.0,83.75,240.0,14472.0,1809.0,8.0,0.0,1.0,0.0
2004-11-28,60,2004-05,normal,1274459.0,62384.0,88.06,240.0,14472.0,1809.0,8.0,0.0,1.0,0.0
2004-12-05,61,2004-05,normal,1215046.0,-59413.0,83.96,240.0,14472.0,1809.0,8.0,0.0,1.0,0.0
2004-12-12,62,2004-05,normal,1228233.0,13187.0,84.87,240.0,14472.0,1809.0,8.0,0.0,1.0,0.0
2004-12-19,63,2004-05,normal,1241941.0,13708.0,85.82,240.0,14472.0,1809.0,8.0,0.0,1.0,0.0
2004-12-26,64,2004-05,normal,1266203.0,24262.0,87.49,240.0,14472.0,1809.0,8.0,0.0,1.0,0.0
2005-01-02,65,2004-05,normal,1276328.0,10125.0,88.19,240.0,14472.0,1809.0,8.0,0.0,1.0,0.0
2005-01-09,66,2004-05,normal,1258911.0,-17417.0,86.99,240.0,14472.0,1809.0,8.0,0.0,1.0,0.0
2005-01-16,67,2004-05,normal,1246349.0,-12562.0,86.12,240.0,14472.0,1809.0,8.0,0.0,1.0,0.0
2005-01-23,68,2004-05,normal,1232405.0,-13944.0,85.16,240.0,14472.0,1809.0,8.0,0.0,1.0,0.0
2005-01-30,69,2004-05,normal,1226773.0,-5632.0,84.77,240.0,14472.0,1809.0,8.0,0.0,1.0,0.0
2005-02-06,70,2004-05,normal,1203023.0,-23750.0,83.64,240.0,14384.0,1809.0,8.0,0.0,0.9939,-0.0061
2005-02-13,71,2004-05,normal,1200119.0,-2904.0,83.34,240.0,14400.0,1809.0,8.0,0.0,0.995,0.0011
2005-02-20,72,2004-05,normal,1241283.0,41164.0,85.77,240.0,14472.0,1809.0,8.0,0.0,1.0,0.005
2005-02-27,73,2004-05,normal,1269846.0,28563.0,87.75,240.0,14472.0,1809.0,8.0,0.0,1.0,0.0
2005-03-06,74,2004-05,normal,1211643.0,-58203.0,83.72,240.0,14472.0,1809.0,8.0,0.0,1.0,0.0
2005-03-13,75,2004-05,normal,1210505.0,-1138.0,83.64,240.0,14472.0,1809.0,8.0,0.0,1.0,0.0
2005-03-20,76,2004-05,normal,1202076.0,-8429.0,83.06,240.0,14472.0,1809.0,8.0,0.0,1.0,0.0
2005-03-27,77,2004-05,normal,1211713.0,9637.0,83.73,240.0,14472.0,1809.0,8.0,0.0,1.0,0.0
2005-04-03,78,2004-05,normal,1261177.0,49464.0,87.15,240.0,14472.0,1809.0,8.0,0.0,1.0,0.0
2005-04-10,79,2004-05,normal,1201309.0,-59868.0,83.01,240.0,14472.0,1809.0,8.0,0.0,1.0,0.0
2005-04-17,80,2004-05,normal,1203281.0,1972.0,83.15,240.0,14472.0,1809.0,8.0,0.0,1.0,0.0
2005-04-24,81,2004-05,normal,1215733.0,12452.0,84.01,240.0,14472.0,1809.0,8.0,0.0,1.0,0.0
2005-05-01,82,2004-05,normal,1255997.0,40264.0,86.79,240.0,14472.0,1809.0,8.0,0.0,1.0,0.0
2005-05-08,83,2004-05,normal,1230678.0,-25319.0,85.04,240.0,14472.0,1809.0,8.0,0.0,1.0,0.0
2005-05-15,84,2004-05,normal,1246462.0,15784.0,86.13,240.0,14472.0,1809.0,8.0,0.0,1.0,0.0
2005-05-22,85,2004-05,normal,1243774.0,-2688.0,85.94,240.0,14472.0,1809.0,8.0,0.0,1.0,0.0
2005-05-29,86,2004-05,normal,1255567.0,11793.0,86.76,240.0,14472.0,1809.0,8.0,0.0,1.0,0.0
2005-06-05,87,2004-05,normal,1249964.0,-5603.0,86.37,240.0,14472.0,1809.0,8.0,0.0,1.0,0.0
2005-06-12,88,2004-05,normal,1265536.0,15572.0,87.45,240.0,14472.0,1809.0,8.0,0.0,1.0,0.0
2005-06-19,89,2004-05,normal,1267274.0,1738.0,87.57,240.0,14472.0,1809.0,8.0,0.0,1.0,0.0
2005-06-26,90,2004-05,normal,1265311.0,-1963.0,87.43,240.0,14472.0,1809.0,8.0,0.0,1.0,0.0
2005-07-03,91,2004-05,normal,1290478.0,25167.0,89.17,240.0,14472.0,1809.0,8.0,0.0,1.0,0.0
2005-07-10,92,2004-05,normal,1302256.0,11778.0,89.98,240.0,14472.0,1809.0,8.0,0.0,1.0,0.0
2005-07-17,93,2004-05,normal,1297582.0,-4674.0,89.66,240.0,14472.0,1809.0,8.0,0.0,1.0,0.0
2005-07-24,94,2004-05,normal,1307492.0,9910.0,90.35,240.0,14472.0,1809.0,8.0,0.0,1.0,0.0
2005-07-31,95,2004-05,normal,1311651.0,4159.0,90.63,240.0,14472.0,1809.0,8.0,0.0,1.0,0.0
2005-08-07,96,2004-05,normal,1312297.0,646.0,90.68,240.0,14472.0,1809.0,8.0,0.0,1.0,0.0
2005-08-14,97,2004-05,normal,1314515.0,2218.0,90.83,240.0,14472.0,1809.0,8.0,0.0,1.0,0.0
2005-08-21,98,2004-05,normal,1312017.0,-2498.0,90.66,240.0,14472.0,1809.0,8.0,0.0,1.0,0.0
2005-08-28,99,2004-05,normal,1317421.0,5404.0,91.03,240.0,14472.0,1809.0,8.0,0.0,1.0,0.0
2005-09-04,100,2005-06,normal,1320047.0,2626.0,91.21,240.0,14472.0,1809.0,8.0,0.0,1.0,0.0
2005-09-11,101,2005-06,normal,1276941.0,-43106.0,88.24,240.0,14472.0,1809.0,8.0,0.0,1.0,0.0
2005-09-18,102,2005-06,normal,1249010.0,-27931.0,87.26,240.0,14314.0,1809.0,8.0,0.0,0.9891,-0.0109
2005-09-25,103,2005-06,normal,1263292.0,14282.0,87.29,240.0,14472.0,1809.0,8.0,0.0,1.0,0.0109
2005-10-02,104,2005-06,normal,1266499.0,3207.0,87.51,240.0,14472.0,1809.0,8.0,0.0,1.0,0.0
2005-10-09,105,2005-06,normal,1305035.0,38536.0,90.18,240.0,14472.0,1809.0,8.0,0.0,1.0,0.0
2005-10-16,106,2005-06,normal,1281947.0,-23088.0,88.58,240.0,14472.0,1809.0,8.0,0.0,1.0,0.0
2005-10-23,107,2005-06,normal,1301198.0,19251.0,89.91,240.0,14472.0,1809.0,8.0,0.0,1.0,0.0
2005-10-30,108,2005-06,normal,1291006.0,-10192.0,89.21,240.0,14472.0,1809.0,8.0,0.0,1.0,0.0
2005-11-06,109,2005-06,normal,1304041.0,13035.0,90.11,240.0,14472.0,1809.0,8.0,0.0,1.0,0.0
2005-11-13,110,2005-06,normal,1318294.0,14253.0,91.09,240.0,14472.0,1809.0,8.0,0.0,1.0,0.0
2005-11-20,111,2005-06,normal,1317881.0,-413.0,91.06,240.0,14472.0,1809.0,8.0,0.0,1.0,0.0
2005-11-27,112,2005-06,normal,1521159.0,203278.0,105.11,240.0,14472.0,1809.0,8.0,0.0,1.0,0.0
2005-12-04,113,2005-06,normal,1351144.0,-170015.0,93.36,240.0,14472.0,1809.0,8.0,0.0,1.0,0.0
2005-12-11,114,2005-06,normal,1345796.0,-5348.0,92.99,240.0,14472.0,1809.0,8.0,0.0,1.0,0.0
2005-12-18,115,2005-06,normal,1350164.0,4368.0,93.29,240.0,14472.0,1809.0,8.0,0.0,1.0,0.0
2005-12-25,116,2005-06,normal,1439603.0,89439.0,99.48,240.0,14472.0,1809.0,8.0,0.0,1.0,0.0
2006-01-01,117,2005-06,normal,1610934.0,171331.0,111.31,240.0,14472.0,1809.0,8.0,0.0,1.0,0.0
2006-01-08,118,2005-06,normal,1360955.0,-249979.0,94.04,240.0,14472.0,1809.0,8.0,0.0,1.0,0.0
2006-01-15,119,2005-06,normal,1362006.0,1051.0,94.11,240.0,14472.0,1809.0,8.0,0.0,1.0,0.0
2006-01-22,120,2005-06,normal,1336485.0,-25521.0,92.88,240.0,14390.0,1809.0,8.0,0.0,0.9943,-0.0057
2006-01-29,121,2005-06,normal,1346750.0,10265.0,93.06,240.0,14472.0,1809.0,8.0,0.0,1.0,0.0057
2006-02-05,122,2005-06,normal,1303981.0,-42769.0,91.66,240.0,14226.0,1809.0,8.0,0.0,0.983,-0.017
2006-02-12,123,2005-06,normal,1315139.0,11158.0,91.1,240.0,14436.0,1809.0,8.0,0.0,0.9975,0.0145
2006-02-19,124,2005-06,normal,1360859.0,45720.0,94.39,240.0,14417.0,1809.0,8.0,0.0,0.9962,-0.0013000000000001
2006-02-26,125,2005-06,normal,1411120.0,50261.0,97.51,240.0,14472.0,1809.0,8.0,0.0,1.0,0.0038
2006-03-05,126,2005-06,normal,1327337.0,-83783.0,91.72,240.0,14472.0,1809.0,8.0,0.0,1.0,0.0
2006-03-12,127,2005-06,normal,1327886.0,549.0,91.76,240.0,14472.0,1809.0,8.0,0.0,1.0,0.0
2006-03-19,128,2005-06,normal,1338102.0,10216.0,92.46,240.0,14472.0,1809.0,8.0,0.0,1.0,0.0
2006-03-26,129,2005-06,normal,1341200.0,3098.0,92.68,240.0,14472.0,1809.0,8.0,0.0,1.0,0.0
2006-04-02,130,2005-06,normal,1335008.0,-6192.0,92.25,240.0,14472.0,1809.0,8.0,0.0,1.0,0.0
2006-04-09,131,2005-06,normal,1354481.0,19473.0,93.59,240.0,14472.0,1809.0,8.0,0.0,1.0,0.0
2006-04-16,132,2005-06,normal,1454174.0,99693.0,100.48,240.0,14472.0,1809.0,8.0,0.0,1.0,0.0
2006-04-23,133,2005-06,normal,1440426.0,-13748.0,99.53,300.0,14472.0,1809.0,8.0,0.0,1.0,0.0
2006-04-30,134,2005-06,normal,1310827.0,-129599.0,90.58,300.0,14472.0,1809.0,8.0,0.0,1.0,0.0
2006-05-07,135,2005-06,normal,1331209.0,20382.0,91.99,300.0,14472.0,1809.0,8.0,0.0,1.0,0.0
2006-05-14,136,2005-06,normal,1346016.0,14807.0,93.01,300.0,14472.0,1809.0,8.0,0.0,1.0,0.0
2006-05-21,137,2005-06,normal,1355903.0,9887.0,93.69,300.0,14472.0,1809.0,8.0,0.0,1.0,0.0
2006-05-28,138,2005-06,normal,1350004.0,-5899.0,93.28,300.0,14472.0,1809.0,8.0,0.0,1.0,0.0
2006-06-04,139,2005-06,normal,1341770.0,-8234.0,92.71,300.0,14472.0,1809.0,8.0,0.0,1.0,0.0
2006-06-11,140,2005-06,normal,1340915.0,-855.0,92.66,300.0,14472.0,1809.0,8.0,0.0,1.0,0.0
2006-06-18,141,2005-06,normal,1365387.0,24472.0,94.35,300.0,14472.0,1809.0,8.0,0.0,1.0,0.0
2006-06-25,142,2005-06,normal,1405687.0,40300.0,97.13,300.0,14472.0,1809.0,8.0,0.0,1.0,0.0
2006-07-02,143,2005-06,normal,1431843.0,26156.0,98.94,300.0,14472.0,1809.0,8.0,0.0,1.0,0.0
2006-07-09,144,2005-06,normal,1438551.0,6708.0,99.4,300.0,14472.0,1809.0,8.0,0.0,1.0,0.0
2006-07-16,145,2005-06,normal,1438835.0,284.0,99.42,300.0,14472.0,1809.0,8.0,0.0,1.0,0.0
2006-07-23,146,2005-06,normal,1443757.0,4922.0,99.76,300.0,14472.0,1809.0,8.0,0.0,1.0,0.0
2006-07-30,147,2005-06,normal,1443870.0,113.0,99.77,300.0,14472.0,1809.0,8.0,0.0,1.0,0.0
2006-08-06,148,2005-06,normal,1448975.0,5105.0,100.12,300.0,14472.0,1809.0,8.0,0.0,1.0,0.0
2006-08-13,149,2005-06,normal,1452320.0,3345.0,100.35,300.0,14472.0,1809.0,8.0,0.0,1.0,0.0
2006-08-20,150,2005-06,normal,1446082.0,-6238.0,99.92,300.0,14472.0,1809.0,8.0,0.0,1.0,0.0
2006-08-27,151,2005-06,normal,1424998.0,-21084.0,98.47,300.0,14472.0,1809.0,8.0,0.0,1.0,0.0
2006-09-03,152,2006-07,normal,1452817.0,27819.0,100.39,300.0,14472.0,1809.0,8.0,0.0,1.0,0.0
2006-09-10,153,2006-07,normal,1376769.0,-76048.0,95.34,300.0,14440.0,1809.0,8.0,0.0,0.9978,-0.0022
2006-09-17,154,2006-07,normal,1389174.0,12405.0,96.32,300.0,14422.0,1809.0,8.0,0.0,0.9965,-0.0013
2006-09-24,155,2006-07,normal,1367250.0,-21924.0,95.24,300.0,14356.0,1809.0,8.0,0.0,0.992,-0.0045000000000001
2006-10-01,156,2006-07,normal,1383737.0,16487.0,96.07,300.0,14403.0,1809.0,8.0,0.0,0.9952,0.0032
2006-10-08,157,2006-07,normal,1410150.0,26413.0,97.44,300.0,14472.0,1809.0,8.0,0.0,1.0,0.0048
2006-10-15,158,2006-07,normal,1411174.0,1024.0,97.51,300.0,14472.0,1809.0,8.0,0.0,1.0,0.0
2006-10-22,159,2006-07,normal,1412444.0,1270.0,97.6,300.0,14472.0,1809.0,8.0,0.0,1.0,0.0
2006-10-29,160,2006-07,normal,1408440.0,-4004.0,97.32,300.0,14472.0,1809.0,8.0,0.0,1.0,0.0
2006-11-05,161,2006-07,normal,1385490.0,-22950.0,96.36,300.0,14378.0,1809.0,8.0,0.0,0.9935,-0.0065
2006-11-12,162,2006-07,normal,1402177.0,16687.0,96.89,300.0,14472.0,1809.0,8.0,0.0,1.0,0.0065
2006-11-19,163,2006-07,normal,1386066.0,-16111.0,96.64,300.0,14343.0,1809.0,8.0,0.0,0.9911,-0.0089
2006-11-26,164,2006-07,normal,1715156.0,329090.0,118.52,300.0,14472.0,1809.0,8.0,0.0,1.0,0.0089
2006-12-03,165,2006-07,normal,1413336.0,-301820.0,98.61,300.0,14333.0,1809.0,8.0,0.0,0.9904,-0.0096000000000001
2006-12-10,166,2006-07,normal,1450534.0,37198.0,100.23,300.0,14472.0,1809.0,8.0,0.0,1.0,0.0096000000000001
2006-12-17,167,2006-07,normal,1440294.0,-10240.0,99.52,300.0,14472.0,1809.0,8.0,0.0,1.0,0.0
2006-12-24,168,2006-07,normal,1681134.0,240840.0,116.16,300.0,14472.0,1809.0,8.0,0.0,1.0,0.0
2006-12-31,169,2006-07,normal,1800310.0,119176.0,124.4,300.0,14472.0,1809.0,8.0,0.0,1.0,0.0
2007-01-07,170,2006-07,normal,1404787.0,-395523.0,97.07,300.0,14472.0,1809.0,8.0,0.0,1.0,0.0
2007-01-14,171,2006-07,normal,1408037.0,3250.0,97.29,300.0,14472.0,1809.0,8.0,0.0,1.0,0.0
2007-01-21,172,2006-07,normal,1365614.0,-42423.0,94.79,300.0,14406.0,1809.0,8.0,0.0,0.9954,-0.0046
2007-01-28,173,2006-07,normal,1349148.0,-16466.0,94.47,300.0,14281.0,1809.0,8.0,0.0,0.9868,-0.0085999999999999
2007-02-04,174,2006-07,normal,1314391.0,-34757.0,94.21,300.0,13951.0,1809.0,8.0,0.0,0.964,-0.0228
2007-02-11,175,2006-07,normal,1307183.0,-7208.0,92.14,300.0,14187.0,1809.0,8.0,0.0,0.9803,0.0163
2007-02-18,176,2006-07,normal,1407207.0,100024.0,98.41,300.0,14299.0,1809.0,8.0,0.0,0.988,0.0077
2007-02-25,177,2006-07,normal,1452306.0,45099.0,100.35,300.0,14472.0,1809.0,8.0,0.0,1.0,0.012
2007-03-04,178,2006-07,normal,1355906.0,-96400.0,94.25,300.0,14387.0,1809.0,8.0,0.0,0.9941,-0.0059
2007-03-11,179,2006-07,normal,1370150.0,14244.0,94.75,300.0,14461.0,1809.0,8.0,0.0,0.9992,0.0051
2007-03-18,180,2006-07,normal,1388693.0,18543.0,95.96,300.0,14472.0,1809.0,8.0,0.0,1.0,0.0008
2007-03-25,181,2006-07,normal,1380917.0,-7776.0,95.42,300.0,14472.0,1809.0,8.0,0.0,1.0,0.0
2007-04-01,182,2006-07,normal,1392168.0,11251.0,96.2,300.0,14472.0,1809.0,8.0,0.0,1.0,0.0
2007-04-08,183,2006-07,normal,1467527.0,75359.0,101.4,300.0,14472.0,1809.0,8.0,0.0,1.0,0.0
2007-04-15,184,2006-07,normal,1487336.0,19809.0,102.77,300.0,14472.0,1809.0,8.0,0.0,1.0,0.0
2007-04-22,185,2006-07,normal,1401980.0,-85356.0,96.88,300.0,14472.0,1809.0,8.0,0.0,1.0,0.0
2007-04-29,186,2006-07,normal,1389502.0,-12478.0,96.01,300.0,14472.0,1809.0,8.0,0.0,1.0,0.0
2007-05-06,187,2006-07,normal,1384931.0,-4571.0,95.7,300.0,14472.0,1809.0,8.0,0.0,1.0,0.0
2007-05-13,188,2006-07,normal,1390500.0,5569.0,96.08,300.0,14472.0,1809.0,8.0,0.0,1.0,0.0
2007-05-20,189,2006-07,normal,1389293.0,-1207.0,96.0,300.0,14472.0,1809.0,8.0,0.0,1.0,0.0
2007-05-27,190,2006-07,normal,1404241.0,14948.0,97.03,300.0,14472.0,1809.0,8.0,0.0,1.0,0.0
2007-06-03,191,2006-07,normal,1388636.0,-15605.0,95.95,300.0,14472.0,1809.0,8.0,0.0,1.0,0.0
2007-06-10,192,2006-07,normal,1401805.0,13169.0,96.86,300.0,14472.0,1809.0,8.0,0.0,1.0,0.0
2007-06-17,193,2006-07,normal,1426820.0,25015.0,98.59,300.0,14472.0,1809.0,8.0,0.0,1.0,0.0
2007-06-24,194,2006-07,normal,1445474.0,18654.0,99.88,300.0,14472.0,1809.0,8.0,0.0,1.0,0.0
2007-07-01,195,2006-07,normal,1455985.0,10511.0,100.61,300.0,14472.0,1809.0,8.0,0.0,1.0,0.0
2007-07-08,196,2006-07,normal,1469948.0,13963.0,101.57,300.0,14472.0,1809.0,8.0,0.0,1.0,0.0
2007-07-15,197,2006-07,normal,1468400.0,-1548.0,101.46,300.0,14472.0,1809.0,8.0,0.0,1.0,0.0
2007-07-22,198,2006-07,normal,1472649.0,4249.0,101.76,300.0,14472.0,1809.0,8.0,0.0,1.0,0.0
2007-07-29,199,2006-07,normal,1480955.0,8306.0,102.33,300.0,14472.0,1809.0,8.0,0.0,1.0,0.0
2007-08-05,200,2006-07,normal,1489919.0,8964.0,102.95,300.0,14472.0,1809.0,8.0,0.0,1.0,0.0
2007-08-12,201,2006-07,normal,1492271.0,2352.0,103.11,300.0,14472.0,1809.0,8.0,0.0,1.0,0.0
2007-08-19,202,2006-07,normal,1483860.0,-8411.0,102.53,300.0,14472.0,1809.0,8.0,0.0,1.0,0.0
2007-08-26,203,2006-07,normal,1472393.0,-11467.0,101.74,300.0,14472.0,1809.0,8.0,0.0,1.0,0.0
2007-09-02,204,2007-08,normal,1480508.0,8115.0,102.3,300.0,14472.0,1809.0,8.0,0.0,1.0,0.0
2007-09-09,205,2007-08,normal,1383807.0,-96701.0,97.61,300.0,14177.0,1809.0,8.0,0.0,0.9796,-0.0204
2007-09-16,206,2007-08,normal,1353236.0,-30571.0,95.48,300.0,14173.0,1809.0,8.0,0.0,0.9793,-0.0003
2007-09-23,207,2007-08,normal,1405642.0,52406.0,98.14,300.0,14323.0,1809.0,8.0,0.0,0.9897,0.0104
2007-09-30,208,2007-08,normal,1401662.0,-3980.0,98.41,300.0,14243.0,1809.0,8.0,0.0,0.9842,-0.0055000000000001
2007-10-07,209,2007-08,normal,1398878.0,-2784.0,98.06,300.0,14265.0,1809.0,8.0,0.0,0.9857,0.0015000000000001
2007-10-14,210,2007-08,normal,1433557.0,34679.0,100.4,300.0,14278.0,1809.0,8.0,0.0,0.9866,0.0009
2007-10-21,211,2007-08,normal,1449978.0,16421.0,100.32,300.0,14454.0,1809.0,8.0,0.0,0.9988,0.0122
2007-10-28,212,2007-08,normal,1435731.0,-14247.0,99.7,300.0,14401.0,1809.0,8.0,0.0,0.9951,-0.0037
2007-11-04,213,2007-08,normal,1335757.0,-99974.0,92.4,300.0,14456.0,1809.0,8.0,0.0,0.9989,0.0038
2007-11-11,214,2007-08,normal,852843.0,-482914.0,95.37,300.0,8942.0,1809.0,5.0,0.0,0.9886,-0.0103
2007-11-18,215,2007-08,dark_strike,0.0,-852843.0,0.0,300.0,0.0,0.0,0.0,0.0,0.0,-0.9886
2007-11-25,216,2007-08,dark_strike,0.0,0.0,0.0,300.0,0.0,0.0,0.0,0.0,0.0,0.0
2007-12-02,217,2007-08,normal,941588.0,941588.0,104.1,300.0,9045.0,1809.0,5.0,0.0,1.0,1.0
2007-12-09,218,2007-08,normal,1446244.0,504656.0,99.96,300.0,14468.0,1809.0,8.0,0.0,0.9997,-0.0002999999999999
2007-12-16,219,2007-08,normal,1449240.0,2996.0,100.5,300.0,14420.0,1809.0,8.0,0.0,0.9964,-0.0033000000000001
2007-12-23,220,2007-08,normal,1707129.0,257889.0,117.96,300.0,14472.0,1809.0,8.0,0.0,1.0,0.0036
2007-12-30,221,2007-08,normal,1839950.0,132821.0,127.14,300.0,14472.0,1809.0,8.0,0.0,1.0,0.0
2008-01-06,222,2007-08,normal,1494991.0,-344959.0,103.3,300.0,14472.0,1809.0,8.0,0.0,1.0,0.0
2008-01-13,223,2007-08,normal,1400269.0,-94722.0,98.74,300.0,14181.0,1809.0,8.0,0.0,0.9799,-0.0201
2008-01-20,224,2007-08,normal,1371768.0,-28501.0,98.77,300.0,13888.0,1809.0,8.0,0.0,0.9596,-0.0203
2008-01-27,225,2007-08,normal,1343579.0,-28189.0,93.69,300.0,14341.0,1809.0,8.0,0.0,0.9909,0.0313
2008-02-03,226,2007-08,normal,1344206.0,627.0,94.21,300.0,14268.0,1809.0,8.0,0.0,0.9859,-0.005
2008-02-10,227,2007-08,normal,1310705.0,-33501.0,92.75,300.0,14132.0,1809.0,8.0,0.0,0.9765,-0.0094
2008-02-17,228,2007-08,normal,1363888.0,53183.0,95.97,300.0,14211.0,1809.0,8.0,0.0,0.982,0.0054999999999999
2008-02-24,229,2007-08,normal,1507849.0,143961.0,104.19,300.0,14472.0,1809.0,8.0,0.0,1.0,0.018
2008-03-02,230,2007-08,normal,1360610.0,-147239.0,94.02,300.0,14472.0,1809.0,8.0,0.0,1.0,0.0
2008-03-09,231,2007-08,normal,1378638.0,18028.0,97.42,300.0,14152.0,1809.0,8.0,0.0,0.9779,-0.0221
2008-03-16,232,2007-08,normal,1456447.0,77809.0,100.64,300.0,14472.0,1809.0,8.0,0.0,1.0,0.0221
2008-03-23,233,2007-08,normal,1503737.0,47290.0,103.91,300.0,14472.0,1809.0,8.0,0.0,1.0,0.0
2008-03-30,234,2007-08,normal,1544646.0,40909.0,106.73,300.0,14472.0,1809.0,8.0,0.0,1.0,0.0
2008-04-06,235,2007-08,normal,1501041.0,-43605.0,103.72,300.0,14472.0,1809.0,8.0,0.0,1.0,0.0
2008-04-13,236,2007-08,normal,1506420.0,5379.0,104.09,300.0,14472.0,1809.0,8.0,0.0,1.0,0.0
2008-04-20,237,2007-08,normal,1507124.0,704.0,104.14,300.0,14472.0,1809.0,8.0,0.0,1.0,0.0
2008-04-27,238,2007-08,normal,1468682.0,-38442.0,101.48,300.0,14472.0,1809.0,8.0,0.0,1.0,0.0
2008-05-04,239,2007-08,normal,1439333.0,-29349.0,99.46,300.0,14472.0,1809.0,8.0,0.0,1.0,0.0
2008-05-11,240,2007-08,normal,1434150.0,-5183.0,99.1,300.0,14472.0,1809.0,8.0,0.0,1.0,0.0
2008-05-18,241,2007-08,normal,1446047.0,11897.0,99.92,300.0,14472.0,1809.0,8.0,0.0,1.0,0.0
2008-05-25,242,2007-08,normal,1451486.0,5439.0,100.3,300.0,14472.0,1809.0,8.0,0.0,1.0,0.0
2008-06-01,243,2007-08,normal,1432317.0,-19169.0,98.97,300.0,14472.0,1809.0,8.0,0.0,1.0,0.0
2008-06-08,244,2007-08,normal,1447560.0,15243.0,100.02,300.0,14472.0,1809.0,8.0,0.0,1.0,0.0
2008-06-15,245,2007-08,normal,1457315.0,9755.0,100.7,300.0,14472.0,1809.0,8.0,0.0,1.0,0.0
2008-06-22,246,2007-08,normal,1475342.0,18027.0,101.94,300.0,14472.0,1809.0,8.0,0.0,1.0,0.0
2008-06-29,247,2007-08,normal,1501368.0,26026.0,103.74,300.0,14472.0,1809.0,8.0,0.0,1.0,0.0
2008-07-06,248,2007-08,normal,1518261.0,16893.0,104.91,300.0,14472.0,1809.0,8.0,0.0,1.0,0.0
2008-07-13,249,2007-08,normal,1513604.0,-4657.0,104.59,300.0,14472.0,1809.0,8.0,0.0,1.0,0.0
2008-07-20,250,2007-08,normal,1522706.0,9102.0,105.22,300.0,14472.0,1809.0,8.0,0.0,1.0,0.0
2008-07-27,251,2007-08,normal,1522686.0,-20.0,105.22,300.0,14472.0,1809.0,8.0,0.0,1.0,0.0
2008-08-03,252,2007-08,normal,1533498.0,10812.0,105.96,300.0,14472.0,1809.0,8.0,0.0,1.0,0.0
2008-08-10,253,2007-08,normal,1534964.0,1466.0,106.06,300.0,14472.0,1809.0,8.0,0.0,1.0,0.0
2008-08-17,254,2007-08,normal,1527832.0,-7132.0,105.57,300.0,14472.0,1809.0,8.0,0.0,1.0,0.0
2008-08-24,255,2007-08,normal,1511914.0,-15918.0,104.47,300.0,14472.0,1809.0,8.0,0.0,1.0,0.0
2008-08-31,256,2007-08,normal,1521795.0,9881.0,105.15,300.0,14472.0,1809.0,8.0,0.0,1.0,0.0
2008-09-07,257,2008-09,normal,1351513.0,-170282.0,95.08,300.0,14214.0,1809.0,8.0,0.0,0.9822,-0.0178
2008-09-14,258,2008-09,normal,1351548.0,35.0,95.28,300.0,14185.0,1809.0,8.0,0.0,0.9802,-0.002
2008-09-21,259,2008-09,normal,1391903.0,40355.0,97.68,300.0,14249.0,1809.0,8.0,0.0,0.9846,0.0044000000000001
2008-09-28,260,2008-09,normal,1383988.0,-7915.0,97.2,300.0,14238.0,1809.0,8.0,0.0,0.9838,-0.0008
2008-10-05,261,2008-09,normal,1402931.0,18943.0,96.94,300.0,14472.0,1809.0,8.0,0.0,1.0,0.0162
2008-10-12,262,2008-09,normal,1419612.0,16681.0,100.32,300.0,14151.0,1809.0,8.0,0.0,0.9778,-0.0222
2008-10-19,263,2008-09,normal,1431479.0,11867.0,98.91,300.0,14472.0,1809.0,8.0,0.0,1.0,0.0222
2008-10-26,264,2008-09,normal,1418491.0,-12988.0,98.66,300.0,14377.0,1809.0,8.0,0.0,0.9934,-0.0066000000000001
2008-11-02,265,2008-09,normal,1403819.0,-14672.0,98.48,300.0,14255.0,1809.0,8.0,0.0,0.985,-0.0084
2008-11-09,266,2008-09,normal,1363108.0,-40711.0,99.75,300.0,13665.0,1809.0,8.0,0.0,0.9442,-0.0408
2008-11-16,267,2008-09,normal,1305090.0,-58018.0,96.14,300.0,13575.0,1809.0,8.0,0.0,0.938,-0.0062000000000001
2008-11-23,268,2008-09,normal,1325394.0,20304.0,93.91,300.0,14114.0,1809.0,8.0,0.0,0.9753,0.0373
2008-11-30,269,2008-09,normal,1800907.0,475513.0,124.44,300.0,14472.0,1809.0,8.0,0.0,1.0,0.0247
2008-12-07,270,2008-09,normal,1402358.0,-398549.0,102.42,300.0,13692.0,1809.0,8.0,0.0,0.9461,-0.0539
2008-12-14,271,2008-09,normal,1430967.0,28609.0,102.27,300.0,13992.0,1809.0,8.0,0.0,0.9668,0.0207
2008-12-21,272,2008-09,normal,1499186.0,68219.0,103.59,300.0,14472.0,1809.0,8.0,0.0,1.0,0.0332
2008-12-28,273,2008-09,normal,1803262.0,304076.0,124.6,300.0,14472.0,1809.0,8.0,0.0,1.0,0.0
2009-01-04,274,2008-09,normal,1769489.0,-33773.0,122.27,300.0,14472.0,1809.0,8.0,0.0,1.0,0.0
2009-01-11,275,2008-09,normal,1365879.0,-403610.0,96.24,300.0,14193.0,1809.0,8.0,0.0,0.9807,-0.0193
2009-01-18,276,2008-09,normal,1302387.0,-63492.0,96.78,300.0,13457.0,1809.0,8.0,0.0,0.9299,-0.0508
2009-01-25,277,2008-09,normal,1236816.0,-65571.0,90.94,300.0,13601.0,1809.0,8.0,0.0,0.9398,0.0099
2009-02-01,278,2008-09,normal,1212812.0,-24004.0,88.86,300.0,13649.0,1809.0,8.0,0.0,0.9431,0.0033000000000001
2009-02-08,279,2008-09,normal,1169304.0,-43508.0,88.62,300.0,13194.0,1809.0,8.0,0.0,0.9117,-0.0314
2009-02-15,280,2008-09,normal,1228776.0,59472.0,90.72,300.0,13545.0,1809.0,8.0,0.0,0.9359,0.0242
2009-02-22,281,2008-09,normal,1449915.0,221139.0,100.19,300.0,14472.0,1809.0,8.0,0.0,1.0,0.0641
2009-03-01,282,2008-09,normal,1241055.0,-208860.0,90.53,300.0,13709.0,1809.0,8.0,0.0,0.9473,-0.0527
2009-03-08,283,2008-09,normal,1231466.0,-9589.0,88.38,300.0,13933.0,1809.0,8.0,0.0,0.9628,0.0155
2009-03-15,284,2008-09,normal,1305496.0,74030.0,91.84,300.0,14215.0,1809.0,8.0,0.0,0.9822,0.0194
2009-03-22,285,2008-09,normal,1444495.0,138999.0,99.81,300.0,14472.0,1809.0,8.0,0.0,1.0,0.0178
2009-03-29,286,2008-09,normal,1413721.0,-30774.0,97.69,300.0,14472.0,1809.0,8.0,0.0,1.0,0.0
2009-04-05,287,2008-09,normal,1408086.0,-5635.0,99.63,300.0,14133.0,1809.0,8.0,0.0,0.9766,-0.0234
2009-04-12,288,2008-09,normal,1524141.0,116055.0,105.32,300.0,14472.0,1809.0,8.0,0.0,1.0,0.0234
2009-04-19,289,2008-09,normal,1539124.0,14983.0,106.35,300.0,14472.0,1809.0,8.0,0.0,1.0,0.0
2009-04-26,290,2008-09,normal,1458664.0,-80460.0,101.75,300.0,14336.0,1809.0,8.0,0.0,0.9906,-0.0094
2009-05-03,291,2008-09,normal,1384780.0,-73884.0,95.75,300.0,14462.0,1809.0,8.0,0.0,0.9993,0.0086999999999999
2009-05-10,292,2008-09,normal,1380171.0,-4609.0,95.81,300.0,14405.0,1809.0,8.0,0.0,0.9954,-0.0039
2009-05-17,293,2008-09,normal,1403974.0,23803.0,97.01,300.0,14472.0,1809.0,8.0,0.0,1.0,0.0046
2009-05-24,294,2008-09,normal,1416179.0,12205.0,97.86,300.0,14472.0,1809.0,8.0,0.0,1.0,0.0
2009-05-31,295,2008-09,normal,1552347.0,136168.0,107.27,300.0,14472.0,1809.0,8.0,0.0,1.0,0.0
2009-06-07,296,2008-09,normal,1545886.0,-6461.0,106.82,300.0,14472.0,1809.0,8.0,0.0,1.0,0.0
2009-06-14,297,2008-09,normal,1572092.0,26206.0,108.63,300.0,14472.0,1809.0,8.0,0.0,1.0,0.0
2009-06-21,298,2008-09,normal,1579549.0,7457.0,109.15,300.0,14472.0,1809.0,8.0,0.0,1.0,0.0
2009-06-28,299,2008-09,normal,1606120.0,26571.0,110.98,300.0,14472.0,1809.0,8.0,0.0,1.0,0.0
2009-07-05,300,2008-09,normal,1573163.0,-32957.0,108.91,300.0,14445.0,1809.0,8.0,0.0,0.9981,-0.0019
2009-07-12,301,2008-09,normal,1616649.0,43486.0,111.71,300.0,14472.0,1809.0,8.0,0.0,1.0,0.0019
2009-07-19,302,2008-09,normal,1634385.0,17736.0,112.93,300.0,14472.0,1809.0,8.0,0.0,1.0,0.0
2009-07-26,303,2008-09,normal,1632856.0,-1529.0,112.83,300.0,14472.0,1809.0,8.0,0.0,1.0,0.0
2009-08-02,304,2008-09,normal,1627239.0,-5617.0,112.44,300.0,14472.0,1809.0,8.0,0.0,1.0,0.0
2009-08-09,305,2008-09,normal,1649459.0,22220.0,113.98,300.0,14472.0,1809.0,8.0,0.0,1.0,0.0
2009-08-16,306,2008-09,normal,1645488.0,-3971.0,113.7,300.0,14472.0,1809.0,8.0,0.0,1.0,0.0
2009-08-23,307,2008-09,normal,1634843.0,-10645.0,112.97,300.0,14472.0,1809.0,8.0,0.0,1.0,0.0
2009-08-30,308,2008-09,normal,1609027.0,-25816.0,111.18,300.0,14472.0,1809.0,8.0,0.0,1.0,0.0
2009-09-06,309,2009-10,normal,1549937.0,-59090.0,107.9,300.0,14364.0,1809.0,8.0,0.0,0.9925,-0.0075
2009-09-13,310,2009-10,normal,1406548.0,-143389.0,100.68,300.0,13970.0,1809.0,8.0,0.0,0.9653,-0.0272
2009-09-20,311,2009-10,normal,1441683.0,35135.0,101.48,300.0,14207.0,1809.0,8.0,0.0,0.9817,0.0164
2009-09-27,312,2009-10,normal,1481120.0,39437.0,102.95,300.0,14387.0,1809.0,8.0,0.0,0.9941,0.0124
2009-10-04,313,2009-10,normal,1470532.0,-10588.0,105.06,300.0,13997.0,1809.0,8.0,0.0,0.9672,-0.0269
2009-10-11,314,2009-10,normal,1552645.0,82113.0,107.29,300.0,14472.0,1809.0,8.0,0.0,1.0,0.0328
2009-10-18,315,2009-10,normal,1554561.0,1916.0,107.42,300.0,14472.0,1809.0,8.0,0.0,1.0,0.0
2009-10-25,316,2009-10,normal,1525772.0,-28789.0,105.73,300.0,14431.0,1809.0,8.0,0.0,0.9972,-0.0028
2009-11-01,317,2009-10,normal,1489548.0,-36224.0,104.15,300.0,14302.0,1809.0,8.0,0.0,0.9883,-0.0089
2009-11-08,318,2009-10,normal,1511167.0,21619.0,107.67,300.0,14035.0,1809.0,8.0,0.0,0.9698,-0.0185
2009-11-15,319,2009-10,normal,1549328.0,38161.0,108.12,300.0,14330.0,1809.0,8.0,0.0,0.9902,0.0204
2009-11-22,320,2009-10,normal,1430006.0,-119322.0,107.17,300.0,13343.0,1809.0,8.0,0.0,0.922,-0.0682
2009-11-29,321,2009-10,normal,2086135.0,656129.0,144.15,300.0,14472.0,1809.0,8.0,0.0,1.0,0.078
2009-12-06,322,2009-10,normal,1535600.0,-550535.0,112.1,300.0,13698.0,1809.0,8.0,0.0,0.9465,-0.0535
2009-12-13,323,2009-10,normal,1624400.0,88800.0,112.88,300.0,14391.0,1809.0,8.0,0.0,0.9944,0.0479
2009-12-20,324,2009-10,normal,1604791.0,-19609.0,112.29,300.0,14291.0,1809.0,8.0,0.0,0.9875,-0.0068999999999999
2009-12-27,325,2009-10,normal,2092745.0,487954.0,144.61,300.0,14472.0,1809.0,8.0,0.0,1.0,0.0125
2010-01-03,326,2009-10,normal,2125740.0,32995.0,146.89,300.0,14472.0,1809.0,8.0,0.0,1.0,0.0
2010-01-10,327,2009-10,normal,1539959.0,-585781.0,106.41,300.0,14472.0,1809.0,8.0,0.0,1.0,0.0
2010-01-17,328,2009-10,normal,1460131.0,-79828.0,104.94,300.0,13914.0,1809.0,8.0,0.0,0.9614,-0.0386
2010-01-24,329,2009-10,normal,1377097.0,-83034.0,99.27,300.0,13872.0,1809.0,8.0,0.0,0.9585,-0.0029
2010-01-31,330,2009-10,normal,1337056.0,-40041.0,96.45,300.0,13863.0,1809.0,8.0,0.0,0.9579,-0.0006
2010-02-07,331,2009-10,normal,1285902.0,-51154.0,95.21,300.0,13506.0,1809.0,8.0,0.0,0.9333,-0.0246
2010-02-14,332,2009-10,normal,1359810.0,73908.0,99.84,300.0,13620.0,1809.0,8.0,0.0,0.9411,0.0078
2010-02-21,333,2009-10,normal,1602783.0,242973.0,110.75,300.0,14472.0,1809.0,8.0,0.0,1.0,0.0589
2010-02-28,334,2009-10,normal,1353808.0,-248975.0,95.58,300.0,14164.0,1809.0,8.0,0.0,0.9787,-0.0213
2010-03-07,335,2009-10,normal,1337882.0,-15926.0,94.12,300.0,14215.0,1809.0,8.0,0.0,0.9822,0.0034999999999999
2010-03-14,336,2009-10,normal,1505286.0,167404.0,104.01,300.0,14472.0,1809.0,8.0,0.0,1.0,0.0178
2010-03-21,337,2009-10,normal,1583765.0,78479.0,109.44,300.0,14472.0,1809.0,8.0,0.0,1.0,0.0
2010-03-28,338,2009-10,normal,1565719.0,-18046.0,108.19,300.0,14472.0,1809.0,8.0,0.0,1.0,0.0
2010-04-04,339,2009-10,normal,1686510.0,120791.0,116.54,300.0,14472.0,1809.0,8.0,0.0,1.0,0.0
2010-04-11,340,2009-10,normal,1678013.0,-8497.0,115.95,300.0,14472.0,1809.0,8.0,0.0,1.0,0.0
2010-04-18,341,2009-10,normal,1561198.0,-116815.0,108.03,300.0,14452.0,1809.0,8.0,0.0,0.9986,-0.0014
2010-04-25,342,2009-10,normal,1565019.0,3821.0,108.14,300.0,14472.0,1809.0,8.0,0.0,1.0,0.0014
2010-05-02,343,2009-10,normal,1510925.0,-54094.0,105.09,300.0,14378.0,1809.0,8.0,0.0,0.9935,-0.0065
2010-05-09,344,2009-10,normal,1529199.0,18274.0,106.94,300.0,14300.0,1809.0,8.0,0.0,0.9881,-0.0054000000000001
2010-05-16,345,2009-10,normal,1549754.0,20555.0,107.09,300.0,14472.0,1809.0,8.0,0.0,1.0,0.0119
2010-05-23,346,2009-10,normal,1576010.0,26256.0,108.9,300.0,14472.0,1809.0,8.0,0.0,1.0,0.0
2010-05-30,347,2009-10,normal,1570390.0,-5620.0,108.51,300.0,14472.0,1809.0,8.0,0.0,1.0,0.0
2010-06-06,348,2009-10,normal,1570925.0,535.0,108.55,300.0,14472.0,1809.0,8.0,0.0,1.0,0.0
2010-06-13,349,2009-10,normal,1614485.0,43560.0,111.56,300.0,14472.0,1809.0,8.0,0.0,1.0,0.0
2010-06-20,350,2009-10,normal,1620876.0,6391.0,112.0,300.0,14472.0,1809.0,8.0,0.0,1.0,0.0
2010-06-27,351,2009-10,normal,1641718.0,20842.0,113.44,300.0,14472.0,1809.0,8.0,0.0,1.0,0.0
2010-07-04,352,2009-10,normal,1620851.0,-20867.0,112.0,300.0,14472.0,1809.0,8.0,0.0,1.0,0.0
2010-07-11,353,2009-10,normal,1650562.0,29711.0,114.05,300.0,14472.0,1809.0,8.0,0.0,1.0,0.0
2010-07-18,354,2009-10,normal,1681570.0,31008.0,116.19,300.0,14472.0,1809.0,8.0,0.0,1.0,0.0
2010-07-25,355,2009-10,normal,1707154.0,25584.0,117.96,300.0,14472.0,1809.0,8.0,0.0,1.0,0.0
2010-08-01,356,2009-10,normal,1720540.0,13386.0,118.89,300.0,14472.0,1809.0,8.0,0.0,1.0,0.0
2010-08-08,357,2009-10,normal,1745925.0,25385.0,120.64,300.0,14472.0,1809.0,8.0,0.0,1.0,0.0
2010-08-15,358,2009-10,normal,1733834.0,-12091.0,119.81,300.0,14472.0,1809.0,8.0,0.0,1.0,0.0
2010-08-22,359,2009-10,normal,1688034.0,-45800.0,116.64,300.0,14472.0,1809.0,8.0,0.0,1.0,0.0
2010-08-29,360,2009-10,normal,1664108.0,-23926.0,114.99,300.0,14472.0,1809.0,8.0,0.0,1.0,0.0
2010-09-05,361,2010-11,normal,1622078.0,-42030.0,112.08,300.0,14472.0,1809.0,8.0,0.0,1.0,0.0
2010-09-12,362,2010-11,normal,1400569.0,-221509.0,101.92,300.0,13742.0,1809.0,8.0,0.0,0.9496,-0.0504
2010-09-19,363,2010-11,normal,1479055.0,78486.0,103.21,300.0,14331.0,1809.0,8.0,0.0,0.9903,0.0407
2010-09-26,364,2010-11,normal,1495013.0,15958.0,103.48,300.0,14447.0,1809.0,8.0,0.0,0.9983,0.008
2010-10-03,365,2010-11,normal,1507992.0,12979.0,104.61,300.0,14415.0,1809.0,8.0,0.0,0.9961,-0.0022
2010-10-10,366,2010-11,normal,1602698.0,94706.0,111.81,300.0,14334.0,1809.0,8.0,0.0,0.9905,-0.0055999999999999
2010-10-17,367,2010-11,normal,1576947.0,-25751.0,108.97,300.0,14472.0,1809.0,8.0,0.0,1.0,0.0095
2010-10-24,368,2010-11,normal,1573370.0,-3577.0,108.85,300.0,14455.0,1809.0,8.0,0.0,0.9988,-0.0012
2010-10-31,369,2010-11,normal,1541013.0,-32357.0,106.48,300.0,14472.0,1809.0,8.0,0.0,1.0,0.0012
2010-11-07,370,2010-11,normal,1547866.0,6853.0,108.72,300.0,14237.0,1809.0,8.0,0.0,0.9838,-0.0162
2010-11-14,371,2010-11,normal,1567087.0,19221.0,110.47,300.0,14185.0,1809.0,8.0,0.0,0.9802,-0.0036
2010-11-21,372,2010-11,normal,1509711.0,-57376.0,108.36,300.0,13933.0,1809.0,8.0,0.0,0.9628,-0.0174
2010-11-28,373,2010-11,normal,2150665.0,640954.0,148.61,300.0,14472.0,1809.0,8.0,0.0,1.0,0.0372
2010-12-05,374,2010-11,normal,1566919.0,-583746.0,114.62,300.0,13671.0,1809.0,8.0,0.0,0.9447,-0.0553
2010-12-12,375,2010-11,normal,1645313.0,78394.0,115.78,300.0,14211.0,1809.0,8.0,0.0,0.982,0.0373
2010-12-19,376,2010-11,normal,1631743.0,-13570.0,115.12,300.0,14174.0,1809.0,8.0,0.0,0.9794,-0.0025999999999999
2010-12-26,377,2010-11,normal,2153110.0,521367.0,148.78,300.0,14472.0,1809.0,8.0,0.0,1.0,0.0206
2011-01-02,378,2010-11,normal,2228235.0,75125.0,153.97,300.0,14472.0,1809.0,8.0,0.0,1.0,0.0
2011-01-09,379,2010-11,normal,1588456.0,-639779.0,109.76,300.0,14472.0,1809.0,8.0,0.0,1.0,0.0
2011-01-16,380,2010-11,normal,1540868.0,-47588.0,108.3,300.0,14228.0,1809.0,8.0,0.0,0.9831,-0.0169
2011-01-23,381,2010-11,normal,1401082.0,-139786.0,100.28,300.0,13972.0,1809.0,8.0,0.0,0.9655,-0.0176
2011-01-30,382,2010-11,normal,1308560.0,-92522.0,98.15,300.0,13332.0,1809.0,8.0,0.0,0.9212,-0.0443
2011-02-06,383,2010-11,normal,1214880.0,-93680.0,94.3,300.0,12883.0,1809.0,8.0,0.0,0.8902,-0.031
2011-02-13,384,2010-11,normal,1436121.0,221241.0,102.4,300.0,14024.0,1809.0,8.0,0.0,0.969,0.0788
2011-02-20,385,2010-11,normal,1526036.0,89915.0,108.23,300.0,14100.0,1809.0,8.0,0.0,0.9743,0.0053000000000001
2011-02-27,386,2010-11,normal,1660095.0,134059.0,114.71,300.0,14472.0,1809.0,8.0,0.0,1.0,0.0257
2011-03-06,387,2010-11,normal,1388574.0,-271521.0,97.77,300.0,14202.0,1809.0,8.0,0.0,0.9813,-0.0187
2011-03-13,388,2010-11,normal,1545232.0,156658.0,106.77,300.0,14472.0,1809.0,8.0,0.0,1.0,0.0187
2011-03-20,389,2010-11,normal,1670779.0,125547.0,115.45,300.0,14472.0,1809.0,8.0,0.0,1.0,0.0
2011-03-27,390,2010-11,normal,1627422.0,-43357.0,112.45,300.0,14472.0,1809.0,8.0,0.0,1.0,0.0
2011-04-03,391,2010-11,normal,1623653.0,-3769.0,112.19,300.0,14472.0,1809.0,8.0,0.0,1.0,0.0
2011-04-10,392,2010-11,normal,1646991.0,23338.0,113.95,300.0,14454.0,1809.0,8.0,0.0,0.9988,-0.0012
2011-04-17,393,2010-11,normal,1663270.0,16279.0,115.43,300.0,14410.0,1809.0,8.0,0.0,0.9957,-0.0031
2011-04-24,394,2010-11,normal,1843855.0,180585.0,127.41,300.0,14472.0,1809.0,8.0,0.0,1.0,0.0043
2011-05-01,395,2010-11,normal,1736420.0,-107435.0,119.99,300.0,14472.0,1809.0,8.0,0.0,1.0,0.0
2011-05-08,396,2010-11,normal,1599916.0,-136504.0,112.06,300.0,14277.0,1809.0,8.0,0.0,0.9865,-0.0135
2011-05-15,397,2010-11,normal,1606974.0,7058.0,113.12,300.0,14206.0,1809.0,8.0,0.0,0.9816,-0.0049
2011-05-22,398,2010-11,normal,1696763.0,89789.0,117.25,300.0,14472.0,1809.0,8.0,0.0,1.0,0.0184
2011-05-29,399,2010-11,normal,1732752.0,35989.0,119.73,300.0,14472.0,1809.0,8.0,0.0,1.0,0.0
2011-06-05,400,2010-11,normal,1705602.0,-27150.0,117.86,300.0,14472.0,1809.0,8.0,0.0,1.0,0.0
2011-06-12,401,2010-11,normal,1752076.0,46474.0,121.07,300.0,14472.0,1809.0,8.0,0.0,1.0,0.0
2011-06-19,402,2010-11,normal,1775427.0,23351.0,122.68,300.0,14472.0,1809.0,8.0,0.0,1.0,0.0
2011-06-26,403,2010-11,normal,1830739.0,55312.0,126.5,300.0,14472.0,1809.0,8.0,0.0,1.0,0.0
2011-07-03,404,2010-11,normal,1835710.0,4971.0,127.48,300.0,14400.0,1809.0,8.0,0.0,0.995,-0.005
2011-07-10,405,2010-11,normal,1867819.0,32109.0,129.06,300.0,14472.0,1809.0,8.0,0.0,1.0,0.005
2011-07-17,406,2010-11,normal,1863700.0,-4119.0,128.9,300.0,14459.0,1809.0,8.0,0.0,0.9991,-0.0009
2011-07-24,407,2010-11,normal,1882731.0,19031.0,130.1,300.0,14472.0,1809.0,8.0,0.0,1.0,0.0009
2011-07-31,408,2010-11,normal,1892399.0,9668.0,130.76,300.0,14472.0,1809.0,8.0,0.0,1.0,0.0
2011-08-07,409,2010-11,dark_break,,,,300.0,,,,,,
2011-08-14,410,2010-11,normal,1886230.0,-6169.0,130.61,300.0,14442.0,1809.0,8.0,0.0,0.9979,-0.0021
2011-08-21,411,2010-11,normal,1820989.0,-65241.0,128.61,300.0,14159.0,1809.0,8.0,0.0,0.9784,-0.0195
2011-08-28,412,2010-11,normal,1031290.0,-789699.0,121.54,300.0,8485.0,1809.0,5.0,0.0,0.9381,-0.0403
2011-09-04,413,2011-12,normal,1602104.0,570814.0,117.12,300.0,13679.0,1809.0,8.0,0.0,0.9452,0.0071
2011-09-11,414,2011-12,normal,1253990.0,-348114.0,102.85,300.0,12193.0,1809.0,8.0,0.0,0.8425,-0.1027
2011-09-18,415,2011-12,normal,1479369.0,225379.0,106.73,300.0,13861.0,1809.0,8.0,0.0,0.9578,0.1153
2011-09-25,416,2011-12,normal,1561913.0,82544.0,110.63,300.0,14119.0,1809.0,8.0,0.0,0.9756,0.0178
2011-10-02,417,2011-12,normal,1593748.0,31835.0,111.31,300.0,14318.0,1809.0,8.0,0.0,0.9894,0.0138
2011-10-09,418,2011-12,normal,1656867.0,63119.0,117.1,300.0,14149.0,1809.0,8.0,0.0,0.9777,-0.0117
2011-10-16,419,2011-12,normal,1675421.0,18554.0,116.12,300.0,14428.0,1809.0,8.0,0.0,0.997,0.0193
2011-10-23,420,2011-12,normal,1698824.0,23403.0,117.53,300.0,14454.0,1809.0,8.0,0.0,0.9988,0.0018
2011-10-30,421,2011-12,normal,1629545.0,-69279.0,113.74,300.0,14327.0,1809.0,8.0,0.0,0.99,-0.0088
2011-11-06,422,2011-12,normal,1535611.0,-93934.0,110.95,300.0,13841.0,1809.0,8.0,0.0,0.9564,-0.0336
2011-11-13,423,2011-12,normal,1646583.0,110972.0,117.65,300.0,13996.0,1809.0,8.0,0.0,0.9671,0.0107
2011-11-20,424,2011-12,normal,1535489.0,-111094.0,115.31,300.0,13316.0,1809.0,8.0,0.0,0.9201,-0.047
2011-11-27,425,2011-12,normal,2205025.0,669536.0,152.37,300.0,14472.0,1809.0,8.0,0.0,1.0,0.0799
2011-12-04,426,2011-12,normal,1656955.0,-548070.0,124.68,300.0,13290.0,1809.0,8.0,0.0,0.9183,-0.0817
2011-12-11,427,2011-12,normal,1777817.0,120862.0,125.46,300.0,14170.0,1809.0,8.0,0.0,0.9791,0.0608
2011-12-18,428,2011-12,normal,1762301.0,-15516.0,129.16,300.0,13644.0,1809.0,8.0,0.0,0.9428,-0.0363
2011-12-25,429,2011-12,normal,2107015.0,344714.0,146.65,300.0,14368.0,1809.0,8.0,0.0,0.9928,0.05
2012-01-01,430,2011-12,normal,2712535.0,605520.0,166.61,300.0,16281.0,1809.0,9.0,0.0,1.0,0.0072
2012-01-08,431,2011-12,normal,1850216.0,-862319.0,130.32,300.0,14197.0,1809.0,8.0,0.0,0.981,-0.019
2012-01-15,432,2011-12,normal,1792976.0,-57240.0,123.93,300.0,14468.0,1809.0,8.0,0.0,0.9997,0.0187
2012-01-22,433,2011-12,normal,1534111.0,-258865.0,110.02,300.0,13944.0,1809.0,8.0,0.0,0.9635,-0.0362
2012-01-29,434,2011-12,normal,1503461.0,-30650.0,109.6,300.0,13718.0,1809.0,8.0,0.0,0.9479,-0.0156
2012-02-05,435,2011-12,normal,1349433.0,-154028.0,102.87,300.0,13118.0,1809.0,8.0,0.0,0.9064,-0.0415
2012-02-12,436,2011-12,normal,1508501.0,159068.0,106.92,300.0,14109.0,1809.0,8.0,0.0,0.9749,0.0685
2012-02-19,437,2011-12,normal,1903024.0,394523.0,131.72,300.0,14448.0,1809.0,8.0,0.0,0.9983,0.0234
2012-02-26,438,2011-12,normal,1872679.0,-30345.0,129.4,300.0,14472.0,1809.0,8.0,0.0,1.0,0.0017
2012-03-04,439,2011-12,normal,1501011.0,-371668.0,109.7,300.0,13683.0,1809.0,8.0,0.0,0.9455,-0.0545
2012-03-11,440,2011-12,normal,1662595.0,161584.0,116.71,300.0,14245.0,1809.0,8.0,0.0,0.9843,0.0388
2012-03-18,441,2011-12,normal,1942288.0,279693.0,134.21,300.0,14472.0,1809.0,8.0,0.0,1.0,0.0157
2012-03-25,442,2011-12,normal,1808773.0,-133515.0,128.57,300.0,14068.0,1809.0,8.0,0.0,0.9721,-0.0279
2012-04-01,443,2011-12,normal,1841661.0,32888.0,131.53,300.0,14002.0,1809.0,8.0,0.0,0.9675,-0.0045999999999999
2012-04-08,444,2011-12,normal,2183025.0,341364.0,150.85,300.0,14472.0,1809.0,8.0,0.0,1.0,0.0325
2012-04-15,445,2011-12,normal,2153975.0,-29050.0,148.84,300.0,14472.0,1809.0,8.0,0.0,1.0,0.0
2012-04-22,446,2011-12,normal,1800949.0,-353026.0,128.25,300.0,14042.0,1809.0,8.0,0.0,0.9703,-0.0297
2012-04-29,447,2011-12,normal,1742571.0,-58378.0,127.7,300.0,13646.0,1809.0,8.0,0.0,0.9429,-0.0274
2012-05-06,448,2011-12,normal,1643258.0,-99313.0,122.93,300.0,13368.0,1809.0,8.0,0.0,0.9237,-0.0192
2012-05-13,449,2011-12,normal,1579314.0,-63944.0,124.56,300.0,12679.0,1809.0,8.0,0.0,0.8761,-0.0476
2012-05-20,450,2011-12,normal,1831193.0,251879.0,128.38,300.0,14264.0,1809.0,8.0,0.0,0.9856,0.1095
2012-05-27,451,2011-12,normal,1896633.0,65440.0,131.38,300.0,14436.0,1809.0,8.0,0.0,0.9975,0.0119
2012-06-03,452,2011-12,normal,1802133.0,-94500.0,126.39,300.0,14258.0,1809.0,8.0,0.0,0.9852,-0.0123
2012-06-10,453,2011-12,normal,1990184.0,188051.0,139.3,300.0,14287.0,1809.0,8.0,0.0,0.9872,0.002
2012-06-17,454,2011-12,normal,1980203.0,-9981.0,139.98,300.0,14146.0,1809.0,8.0,0.0,0.9775,-0.0096999999999999
2012-06-24,455,2011-12,normal,2038405.0,58202.0,144.66,300.0,14091.0,1809.0,8.0,0.0,0.9737,-0.0038
2012-07-01,456,2011-12,normal,2033004.0,-5401.0,144.44,300.0,14075.0,1809.0,8.0,0.0,0.9726,-0.0011
2012-07-08,457,2011-12,normal,1920563.0,-112441.0,138.81,300.0,13836.0,1809.0,8.0,0.0,0.9561,-0.0165
2012-07-15,458,2011-12,normal,1980214.0,59651.0,140.56,300.0,14088.0,1809.0,8.0,0.0,0.9735,0.0174
2012-07-22,459,2011-12,normal,2145917.0,165703.0,140.19,300.0,15307.0,1809.0,9.0,0.0,0.9402,-0.0333
2012-07-29,460,2011-12,normal,2055433.0,-90484.0,144.49,300.0,14225.0,1809.0,8.0,0.0,0.9829,0.0427
2012-08-05,461,2011-12,normal,2013559.0,-41874.0,143.52,300.0,14030.0,1809.0,8.0,0.0,0.9695,-0.0134
2012-08-12,462,2011-12,normal,2147461.0,133902.0,138.82,300.0,15470.0,1809.0,9.0,0.0,0.9502,-0.0193
2012-08-19,463,2011-12,normal,1818537.0,-328924.0,138.31,300.0,13148.0,1809.0,8.0,0.0,0.9085,-0.0417
2012-08-26,464,2011-12,normal,1690150.0,-128387.0,132.31,300.0,12774.0,1809.0,8.0,0.0,0.8827,-0.0258
2012-09-02,465,2012-13,normal,1700412.0,10262.0,124.95,300.0,13609.0,1809.0,8.0,0.0,0.9404,0.0577
2012-09-09,466,2012-13,normal,1313195.0,-387217.0,106.33,300.0,12350.0,1809.0,8.0,0.0,0.8534,-0.087
2012-09-16,467,2012-13,normal,1435082.0,121887.0,106.71,300.0,13449.0,1809.0,8.0,0.0,0.9293,0.0759
2012-09-23,468,2012-13,normal,1495735.0,60653.0,110.29,300.0,13562.0,1809.0,8.0,0.0,0.9371,0.0078
2012-09-30,469,2012-13,normal,1536124.0,40389.0,114.32,300.0,13437.0,1809.0,8.0,0.0,0.9285,-0.0086000000000001
2012-10-07,470,2012-13,normal,1806846.0,270722.0,124.93,300.0,14463.0,1809.0,8.0,0.0,0.9994,0.0709
2012-10-14,471,2012-13,normal,1691769.0,-115077.0,116.93,300.0,14468.0,1809.0,8.0,0.0,0.9997,0.0003
2012-10-21,472,2012-13,normal,1717002.0,25233.0,118.76,300.0,14458.0,1809.0,8.0,0.0,0.999,-0.0007
2012-10-28,473,2012-13,normal,1657271.0,-59731.0,116.93,300.0,14173.0,1809.0,8.0,0.0,0.9793,-0.0197
2012-11-04,474,2012-13,normal,1166275.0,-490996.0,114.92,300.0,10149.0,1809.0,7.0,0.0,0.8015,-0.1778
2012-11-11,475,2012-13,normal,1506283.0,340008.0,119.93,300.0,12560.0,1809.0,8.0,0.0,0.8679,0.0664
2012-11-18,476,2012-13,normal,1598476.0,92193.0,120.7,300.0,13243.0,1809.0,8.0,0.0,0.9151,0.0472
2012-11-25,477,2012-13,normal,2290819.0,692343.0,163.04,300.0,14051.0,1809.0,8.0,0.0,0.9709,0.0558
2012-12-02,478,2012-13,normal,1696781.0,-594038.0,136.8,300.0,12403.0,1809.0,8.0,0.0,0.857,-0.1139
2012-12-09,479,2012-13,normal,1825121.0,128340.0,139.93,300.0,13043.0,1809.0,8.0,0.0,0.9013,0.0443
2012-12-16,480,2012-13,normal,1866094.0,40973.0,138.72,300.0,13452.0,1809.0,8.0,0.0,0.9295,0.0282
2012-12-23,481,2012-13,normal,2100170.0,234076.0,156.43,300.0,13426.0,1809.0,8.0,0.0,0.9277,-0.0018
2012-12-30,482,2012-13,normal,2947172.0,847002.0,181.02,300.0,16281.0,1809.0,9.0,0.0,1.0,0.0723
2013-01-06,483,2012-13,normal,2106339.0,-840833.0,146.07,300.0,14420.0,1809.0,8.0,0.0,0.9964,-0.0036
2013-01-13,484,2012-13,normal,1519043.0,-587296.0,111.81,300.0,13586.0,1809.0,8.0,0.0,0.9388,-0.0576
2013-01-20,485,2012-13,normal,1700024.0,180981.0,123.48,300.0,13768.0,1809.0,8.0,0.0,0.9514,0.0126
2013-01-27,486,2012-13,normal,1493804.0,-206220.0,105.32,300.0,14184.0,1809.0,8.0,0.0,0.9801,0.0287
2013-02-03,487,2012-13,normal,1419249.0,-74555.0,100.72,300.0,14091.0,1809.0,8.0,0.0,0.9737,-0.0064
2013-02-10,488,2012-13,normal,1355055.0,-64194.0,103.7,300.0,13067.0,1809.0,8.0,0.0,0.9029,-0.0708
2013-02-17,489,2012-13,normal,1875920.0,520865.0,132.89,300.0,14116.0,1809.0,8.0,0.0,0.9754,0.0725
2013-02-24,490,2012-13,normal,1657584.0,-218336.0,119.47,300.0,13874.0,1809.0,8.0,0.0,0.9587,-0.0167
2013-03-03,491,2012-13,normal,1544023.0,-113561.0,106.72,300.0,14468.0,1809.0,8.0,0.0,0.9997,0.041
2013-03-10,492,2012-13,normal,1663310.0,119287.0,116.07,300.0,14330.0,1809.0,8.0,0.0,0.9902,-0.0095000000000001
2013-03-17,493,2012-13,normal,1950727.0,287417.0,135.38,300.0,14409.0,1809.0,8.0,0.0,0.9956,0.0054000000000001
2013-03-24,494,2012-13,normal,1940002.0,-10725.0,137.0,300.0,14161.0,1809.0,8.0,0.0,0.9785,-0.0171
2013-03-31,495,2012-13,normal,2633547.0,693545.0,161.76,300.0,16281.0,1809.0,9.0,0.0,1.0,0.0215
2013-04-07,496,2012-13,normal,2257034.0,-376513.0,157.95,300.0,14290.0,1809.0,8.0,0.0,0.9874,-0.0126
2013-04-14,497,2012-13,normal,1749291.0,-507743.0,124.15,300.0,14090.0,1809.0,8.0,0.0,0.9736,-0.0138
2013-04-21,498,2012-13,normal,1810911.0,61620.0,125.98,300.0,14375.0,1809.0,8.0,0.0,0.9933,0.0197
2013-04-28,499,2012-13,normal,1735066.0,-75845.0,123.2,300.0,14083.0,1809.0,8.0,0.0,0.9731,-0.0202
2013-05-05,500,2012-13,normal,1651541.0,-83525.0,121.54,300.0,13589.0,1809.0,8.0,0.0,0.939,-0.0341
2013-05-12,501,2012-13,normal,1697007.0,45466.0,121.5,300.0,13967.0,1809.0,8.0,0.0,0.9651,0.0261
2013-05-19,502,2012-13,normal,1748141.0,51134.0,125.94,300.0,13881.0,1809.0,8.0,0.0,0.9592,-0.0058999999999999
2013-05-26,503,2012-13,normal,1858318.0,110177.0,128.78,300.0,14430.0,1809.0,8.0,0.0,0.9971,0.0379
2013-06-02,504,2012-13,normal,1776282.0,-82036.0,127.36,300.0,13947.0,1809.0,8.0,0.0,0.9637,-0.0334
2013-06-09,505,2012-13,normal,1770507.0,-5775.0,135.83,300.0,13035.0,1809.0,8.0,0.0,0.9007,-0.063
2013-06-16,506,2012-13,normal,1849045.0,78538.0,138.63,300.0,13338.0,1809.0,8.0,0.0,0.9216,0.0209
2013-06-23,507,2012-13,normal,2041391.0,192346.0,135.25,300.0,15093.0,1809.0,9.0,0.0,0.927,0.0054000000000001
2013-06-30,508,2012-13,normal,1985154.0,-56237.0,142.47,300.0,13934.0,1809.0,8.0,0.0,0.9628,0.0358
2013-07-07,509,2012-13,normal,1893488.0,-91666.0,134.39,300.0,14090.0,1809.0,8.0,0.0,0.9736,0.0108
2013-07-14,510,2012-13,normal,1986489.0,93001.0,132.39,300.0,15005.0,1809.0,9.0,0.0,0.9216,-0.052
2013-07-21,511,2012-13,normal,1907228.0,-79261.0,136.14,300.0,14009.0,1809.0,8.0,0.0,0.968,0.0464
2013-07-28,512,2012-13,normal,2088425.0,181197.0,133.33,300.0,15664.0,1809.0,9.0,0.0,0.9621,-0.0059
2013-08-04,513,2012-13,normal,1880559.0,-207866.0,134.73,300.0,13958.0,1809.0,8.0,0.0,0.9645,0.0024000000000001
2013-08-11,514,2012-13,normal,2053281.0,172722.0,131.5,300.0,15614.0,1809.0,9.0,0.0,0.959,-0.0055000000000001
2013-08-18,515,2012-13,normal,1871050.0,-182231.0,134.8,300.0,13880.0,1809.0,8.0,0.0,0.9591,9.9999999999989e-05
2013-08-25,516,2012-13,normal,1708781.0,-162269.0,129.23,300.0,13223.0,1809.0,8.0,0.0,0.9137,-0.0454
2013-09-01,517,2013-14,normal,1692789.0,-15992.0,128.54,300.0,13169.0,1809.0,8.0,0.0,0.91,-0.0036999999999999
2013-09-08,518,2013-14,normal,1373885.0,-318904.0,103.0,300.0,13339.0,1809.0,8.0,0.0,0.9217,0.0117
2013-09-15,519,2013-14,normal,1452909.0,79024.0,103.82,300.0,13995.0,1809.0,8.0,0.0,0.967,0.0453
2013-09-22,520,2013-14,normal,1471059.0,18150.0,113.27,300.0,12987.0,1809.0,8.0,0.0,0.8974,-0.0696
2013-09-29,521,2013-14,normal,1467774.0,-3285.0,113.58,300.0,12923.0,1809.0,8.0,0.0,0.893,-0.0044
2013-10-06,522,2013-14,normal,1543608.0,75834.0,115.82,300.0,13328.0,1809.0,8.0,0.0,0.921,0.028
2013-10-13,523,2013-14,normal,1874654.0,331046.0,129.91,300.0,14430.0,1809.0,8.0,0.0,0.9971,0.0761
2013-10-20,524,2013-14,normal,1719816.0,-154838.0,120.64,300.0,14256.0,1809.0,8.0,0.0,0.9851,-0.012
2013-10-27,525,2013-14,normal,1693555.0,-26261.0,118.28,300.0,14318.0,1809.0,8.0,0.0,0.9894,0.0043
2013-11-03,526,2013-14,normal,1736957.0,43402.0,120.02,300.0,14472.0,1809.0,8.0,0.0,1.0,0.0106
2013-11-10,527,2013-14,normal,1864819.0,127862.0,122.89,300.0,15175.0,1898.0,8.0,0.0,0.9994,-0.0006
2013-11-17,528,2013-14,normal,1587882.0,-276937.0,116.07,300.0,13681.0,1809.0,8.0,0.0,0.9453,-0.0541
2013-11-24,529,2013-14,normal,1632849.0,44967.0,121.41,300.0,13449.0,1809.0,8.0,0.0,0.9293,-0.016
2013-12-01,530,2013-14,normal,2625327.0,992478.0,157.41,300.0,16678.0,1888.0,9.0,0.0,0.9815,0.0522
2013-12-08,531,2013-14,normal,2036322.0,-589005.0,133.43,300.0,15261.0,1913.0,8.0,0.0,0.9972,0.0157
2013-12-15,532,2013-14,normal,1971945.0,-64377.0,131.39,300.0,15008.0,1898.0,8.0,0.0,0.9884,-0.0088
2013-12-22,533,2013-14,normal,2153098.0,181153.0,148.63,300.0,14486.0,1869.0,8.0,0.0,0.9688,-0.0196
2013-12-29,534,2013-14,normal,3201333.0,1048235.0,184.49,300.0,17352.0,1928.0,9.0,0.0,1.0,0.0312
2014-01-05,535,2013-14,normal,2454630.0,-746703.0,159.14,300.0,15424.0,1928.0,8.0,0.0,1.0,0.0
2014-01-12,536,2013-14,normal,1679996.0,-774634.0,115.38,300.0,14561.0,1869.0,8.0,0.0,0.9739,-0.0261
2014-01-19,537,2013-14,normal,1749967.0,69971.0,122.61,300.0,14273.0,1809.0,8.0,0.0,0.9862,0.0123
2014-01-26,538,2013-14,normal,1598920.0,-151047.0,106.28,300.0,15044.0,1913.0,8.0,0.0,0.983,-0.0032
2014-02-02,539,2013-14,normal,1403247.0,-195673.0,101.61,300.0,13810.0,1809.0,8.0,0.0,0.9543,-0.0287
2014-02-09,540,2013-14,normal,1493721.0,90474.0,106.76,300.0,13992.0,1809.0,8.0,0.0,0.9668,0.0125
2014-02-16,541,2013-14,normal,1803846.0,310125.0,130.62,300.0,13810.0,1809.0,8.0,0.0,0.9543,-0.0125
2014-02-23,542,2013-14,normal,1765925.0,-37921.0,116.63,300.0,15141.0,1898.0,8.0,0.0,0.9972,0.0429
2014-03-02,543,2013-14,normal,1539830.0,-226095.0,101.06,300.0,15237.0,1928.0,8.0,0.0,0.9879,-0.0093
2014-03-09,544,2013-14,normal,1667093.0,127263.0,112.78,300.0,14782.0,1898.0,8.0,0.0,0.9735,-0.0144
2014-03-16,545,2013-14,normal,1861649.0,194556.0,126.76,300.0,14686.0,1883.0,8.0,0.0,0.9749,0.0014
2014-03-23,546,2013-14,normal,1874352.0,12703.0,122.36,300.0,15318.0,1928.0,8.0,0.0,0.9931,0.0182
2014-03-30,547,2013-14,normal,1946536.0,72184.0,126.21,300.0,15423.0,1928.0,8.0,0.0,0.9999,0.0068
2014-04-06,548,2013-14,normal,1806067.0,-140469.0,121.2,300.0,14901.0,1898.0,8.0,0.0,0.9814,-0.0185
2014-04-13,549,2013-14,normal,1930362.0,124295.0,126.37,300.0,15275.0,1928.0,8.0,0.0,0.9903,0.0088999999999999
2014-04-20,550,2013-14,normal,2769554.0,839192.0,159.61,300.0,17352.0,1928.0,9.0,0.0,1.0,0.0097
2014-04-27,551,2013-14,normal,2074749.0,-694805.0,144.89,300.0,14320.0,1809.0,8.0,0.0,0.9895,-0.0105
2014-05-04,552,2013-14,normal,1732110.0,-342639.0,116.17,300.0,14910.0,1913.0,8.0,0.0,0.9743,-0.0152
2014-05-11,553,2013-14,normal,1736317.0,4207.0,118.03,300.0,14711.0,1898.0,8.0,0.0,0.9688,-0.0055000000000001
2014-05-18,554,2013-14,normal,1755218.0,18901.0,116.73,300.0,15036.0,1928.0,8.0,0.0,0.9748,0.006
2014-05-25,555,2013-14,normal,1881975.0,126757.0,122.88,300.0,15316.0,1928.0,8.0,0.0,0.993,0.0182
2014-06-01,556,2013-14,normal,1804729.0,-77246.0,123.02,300.0,14670.0,1898.0,8.0,0.0,0.9661,-0.0269
2014-06-08,557,2013-14,normal,1924272.0,119543.0,126.64,300.0,15195.0,1928.0,8.0,0.0,0.9852,0.0191
2014-06-15,558,2013-14,normal,1969827.0,45555.0,128.99,300.0,15271.0,1928.0,8.0,0.0,0.9901,0.0049
2014-06-22,559,2013-14,normal,2027347.0,57520.0,131.44,300.0,15424.0,1928.0,8.0,0.0,1.0,0.0099
2014-06-29,560,2013-14,normal,2107598.0,80251.0,137.27,300.0,15354.0,1928.0,8.0,0.0,0.9955,-0.0044999999999999
2014-07-06,561,2013-14,normal,1988092.0,-119506.0,129.21,300.0,15387.0,1928.0,8.0,0.0,0.9976,0.0021
2014-07-13,562,2013-14,normal,1936778.0,-51314.0,129.0,300.0,15014.0,1928.0,8.0,0.0,0.9734,-0.0242
2014-07-20,563,2013-14,normal,1966367.0,29589.0,127.89,300.0,15375.0,1928.0,8.0,0.0,0.9968,0.0234
2014-07-27,564,2013-14,normal,2012891.0,46524.0,130.51,0.0,15423.0,1928.0,8.0,0.0,0.9999,0.0031
2014-08-03,565,2013-14,normal,2181109.0,168218.0,130.25,300.0,16746.0,1914.0,9.0,0.0,0.9721,-0.0278
2014-08-10,566,2013-14,normal,2059477.0,-121632.0,133.73,300.0,15400.0,1928.0,8.0,0.0,0.9984,0.0263
2014-08-17,567,2013-14,normal,2026702.0,-32775.0,128.51,300.0,15771.0,1862.0,9.0,0.0,0.9411,-0.0573
2014-08-24,568,2013-14,normal,1795268.0,-231434.0,127.53,300.0,14077.0,1809.0,8.0,0.0,0.9727,0.0316
2014-08-31,569,2013-14,normal,1708228.0,-87040.0,124.44,300.0,13727.0,1809.0,8.0,0.0,0.9485,-0.0242
2014-09-07,570,2014-15,normal,1340668.0,-367560.0,99.26,300.0,13507.0,1809.0,8.0,0.0,0.9333,-0.0152
2014-09-14,571,2014-15,normal,1462840.0,122172.0,101.93,300.0,14352.0,1809.0,8.0,0.0,0.9917,0.0584
2014-09-21,572,2014-15,normal,1356354.0,-106486.0,106.85,300.0,12694.0,1809.0,8.0,0.0,0.8771,-0.1146
2014-09-28,573,2014-15,normal,1386090.0,29736.0,107.26,300.0,12923.0,1809.0,8.0,0.0,0.893,0.0159
2014-10-05,574,2014-15,normal,1406222.0,20132.0,106.25,300.0,13235.0,1809.0,8.0,0.0,0.9145,0.0215
2014-10-12,575,2014-15,normal,1806175.0,399953.0,122.74,300.0,14715.0,1913.0,8.0,0.0,0.9615,0.047
2014-10-19,576,2014-15,normal,1680849.0,-125326.0,116.4,300.0,14440.0,1809.0,8.0,0.0,0.9978,0.0363
2014-10-26,577,2014-15,normal,1489079.0,-191770.0,112.32,300.0,13258.0,1809.0,8.0,0.0,0.9161,-0.0817
2014-11-02,578,2014-15,normal,1329813.0,-159266.0,109.93,300.0,12097.0,1809.0,8.0,0.0,0.8359,-0.0802
2014-11-09,579,2014-15,normal,1621169.0,291356.0,119.87,300.0,13524.0,1809.0,8.0,0.0,0.9345,0.0986
2014-11-16,580,2014-15,normal,1361772.0,-259397.0,110.87,300.0,12283.0,1809.0,8.0,0.0,0.8487,-0.0858
2014-11-23,581,2014-15,normal,1452509.0,90737.0,114.64,300.0,12670.0,1809.0,8.0,0.0,0.8755,0.0268
2014-11-30,582,2014-15,normal,2432132.0,979623.0,154.78,300.0,15714.0,1809.0,9.0,0.0,0.9652,0.0897
2014-12-07,583,2014-15,normal,1814918.0,-617214.0,130.06,300.0,13954.0,1809.0,8.0,0.0,0.9642,-0.001
2014-12-14,584,2014-15,normal,1746037.0,-68881.0,128.82,300.0,13554.0,1809.0,8.0,0.0,0.9366,-0.0276
2014-12-21,585,2014-15,normal,1986719.0,240682.0,139.09,300.0,14284.0,1809.0,8.0,0.0,0.987,0.0504
2014-12-28,586,2014-15,normal,2903309.0,916590.0,178.59,300.0,16257.0,1809.0,9.0,0.0,0.9985,0.0115
2015-01-04,587,2014-15,normal,2740642.0,-162667.0,177.93,300.0,15403.0,1928.0,8.0,0.0,0.9986,9.9999999999989e-05
2015-01-11,588,2014-15,normal,1593224.0,-1147418.0,117.23,300.0,13591.0,1809.0,8.0,0.0,0.9391,-0.0595
2015-01-18,589,2014-15,normal,1684664.0,91440.0,117.73,300.0,14310.0,1809.0,8.0,0.0,0.9888,0.0497
2015-01-25,590,2014-15,normal,1500725.0,-183939.0,105.42,300.0,14236.0,1809.0,8.0,0.0,0.9837,-0.0051
2015-02-01,591,2014-15,normal,1291035.0,-209690.0,100.63,300.0,12829.0,1809.0,8.0,0.0,0.8865,-0.0972
2015-02-08,592,2014-15,normal,1262017.0,-29018.0,102.89,300.0,12266.0,1809.0,8.0,0.0,0.8476,-0.0389
2015-02-15,593,2014-15,normal,1586692.0,324675.0,126.1,300.0,12583.0,1809.0,8.0,0.0,0.8695,0.0219
2015-02-22,594,2014-15,normal,1646631.0,59939.0,111.48,300.0,14771.0,1913.0,8.0,0.0,0.9652,0.0957
2015-03-01,595,2014-15,normal,1204467.0,-442164.0,101.17,300.0,11905.0,1809.0,8.0,0.0,0.8226,-0.1426
2015-03-08,596,2014-15,normal,1352213.0,147746.0,108.55,300.0,12457.0,1809.0,8.0,0.0,0.8608,0.0382
2015-03-15,597,2014-15,normal,1818766.0,466553.0,121.06,225.0,15024.0,1926.0,8.0,0.0,0.9751,0.1143
2015-03-22,598,2014-15,normal,1855247.0,36481.0,121.94,225.0,15214.0,1926.0,8.0,0.0,0.9874,0.0123
2015-03-29,599,2014-15,normal,1872149.0,16902.0,128.19,225.0,14604.0,1926.0,8.0,0.0,0.9478,-0.0396
2015-04-05,600,2014-15,normal,2358372.0,486223.0,148.73,225.0,15857.0,1926.0,9.0,0.0,0.9148,-0.033
2015-04-12,601,2014-15,normal,2181861.0,-176511.0,148.65,225.0,14678.0,1911.0,8.0,0.0,0.9601,0.0453
2015-04-19,602,2014-15,normal,1655749.0,-526112.0,117.72,225.0,14065.0,1896.0,8.0,0.0,0.9273,-0.0328
2015-04-26,603,2014-15,normal,1740459.0,84710.0,117.15,225.0,14857.0,1926.0,8.0,0.0,0.9642,0.0369
2015-05-03,604,2014-15,normal,1387456.0,-353003.0,110.89,225.0,12512.0,1806.0,8.0,0.0,0.866,-0.0982
2015-05-10,605,2014-15,normal,1469322.0,81866.0,112.45,225.0,13067.0,1807.0,8.0,0.0,0.9039,0.0379
2015-05-17,606,2014-15,normal,1601725.0,132403.0,114.75,225.0,13959.0,1807.0,8.0,0.0,0.9656,0.0617
2015-05-24,607,2014-15,normal,1776153.0,174428.0,117.2,240.0,15155.0,1926.0,8.0,0.0,0.9836,0.018
2015-05-31,608,2014-15,normal,1670922.0,-105231.0,120.82,240.0,13830.0,1807.0,8.0,0.0,0.9567,-0.0269
2015-06-07,609,2014-15,normal,1737141.0,66219.0,122.09,240.0,14228.0,1807.0,8.0,0.0,0.9842,0.0275
2015-06-14,610,2014-15,normal,1954144.0,217003.0,127.46,240.0,15332.0,1926.0,8.0,0.0,0.9951,0.0109
2015-06-21,611,2014-15,normal,1947674.0,-6470.0,127.04,240.0,15331.0,1926.0,8.0,0.0,0.995,-9.9999999999989e-05
2015-06-28,612,2014-15,normal,2047143.0,99469.0,134.9,240.0,15175.0,1926.0,8.0,0.0,0.9849,-0.0101
2015-07-05,613,2014-15,normal,1864235.0,-182908.0,126.54,240.0,14732.0,1911.0,8.0,0.0,0.9636,-0.0213
2015-07-12,614,2014-15,normal,1900091.0,35856.0,129.0,240.0,14729.0,1911.0,8.0,0.0,0.9634,-0.0001999999999999
2015-07-19,615,2014-15,normal,2167815.0,267724.0,128.92,240.0,16815.0,1913.0,9.0,0.0,0.9767,0.0133
2015-07-26,616,2014-15,normal,2002632.0,-165183.0,131.74,240.0,15201.0,1926.0,8.0,0.0,0.9866,0.0099
2015-08-02,617,2014-15,normal,2118401.0,115769.0,130.97,240.0,16175.0,1913.0,9.0,0.0,0.9395,-0.0471
2015-08-09,618,2014-15,normal,1980056.0,-138345.0,131.38,240.0,15071.0,1926.0,8.0,0.0,0.9781,0.0386
2015-08-16,619,2014-15,normal,1913037.0,-67019.0,128.87,240.0,14845.0,1911.0,8.0,0.0,0.971,-0.0071
2015-08-23,620,2014-15,normal,1751974.0,-161063.0,125.93,240.0,13912.0,1867.0,8.0,0.0,0.9317,-0.0393
2015-08-30,621,2014-15,normal,1492152.0,-259822.0,120.98,240.0,12334.0,1807.0,8.0,0.0,0.8532,-0.0785
2015-09-06,622,2015-16,normal,1560536.0,68384.0,120.79,240.0,12920.0,1807.0,8.0,0.0,0.8937,0.0405
2015-09-13,623,2015-16,normal,1472236.0,-88300.0,101.05,240.0,14570.0,1926.0,8.0,0.0,0.9456,0.0519
2015-09-20,624,2015-16,normal,1570535.0,98299.0,103.0,240.0,15248.0,1926.0,8.0,0.0,0.9896,0.044
2015-09-27,625,2015-16,normal,1426156.0,-144379.0,109.01,240.0,13083.0,1807.0,8.0,0.0,0.905,-0.0846
2015-10-04,626,2015-16,normal,1454570.0,28414.0,112.16,240.0,12969.0,1807.0,8.0,0.0,0.8971,-0.0079
2015-10-11,627,2015-16,normal,1765268.0,310698.0,123.62,240.0,14280.0,1807.0,8.0,0.0,0.9878,0.0907
2015-10-18,628,2015-16,normal,1720707.0,-44561.0,117.65,240.0,14626.0,1896.0,8.0,0.0,0.9641,-0.0237
2015-10-25,629,2015-16,normal,1621057.0,-99650.0,116.96,240.0,13860.0,1807.0,8.0,0.0,0.9588,-0.0053
2015-11-01,630,2015-16,normal,1346650.0,-274407.0,109.24,240.0,12327.0,1807.0,8.0,0.0,0.8527,-0.1061
2015-11-08,631,2015-16,normal,1583873.0,237223.0,116.98,240.0,13540.0,1807.0,8.0,0.0,0.9366,0.0839
2015-11-15,632,2015-16,normal,1646787.0,62914.0,115.06,240.0,14312.0,1807.0,8.0,0.0,0.99,0.0534
2015-11-22,633,2015-16,normal,1508157.0,-138630.0,116.63,240.0,12931.0,1807.0,8.0,0.0,0.8945,-0.0955
2015-11-29,634,2015-16,normal,2290873.0,782716.0,151.72,240.0,15099.0,1807.0,9.0,0.0,0.9284,0.0339
2015-12-06,635,2015-16,dark_break,,,,240.0,,,,,,
2015-12-13,636,2015-16,normal,1732290.0,-558583.0,124.38,240.0,13927.0,1807.0,8.0,0.0,0.9634,0.035
2015-12-20,637,2015-16,normal,1903218.0,170928.0,134.06,240.0,14197.0,1807.0,8.0,0.0,0.9821,0.0187
2015-12-27,638,2015-16,normal,2400920.0,497702.0,162.25,240.0,14798.0,1867.0,8.0,0.0,0.991,0.0089
2016-01-03,639,2015-16,normal,2940096.0,539176.0,171.75,240.0,17119.0,1926.0,9.0,0.0,0.9876,-0.0034
2016-01-10,640,2015-16,normal,1552322.0,-1387774.0,118.29,240.0,13123.0,1807.0,8.0,0.0,0.9078,-0.0798
2016-01-17,641,2015-16,normal,1590318.0,37996.0,118.4,240.0,13432.0,1807.0,8.0,0.0,0.9292,0.0214
2016-01-24,642,2015-16,normal,983150.0,-607168.0,94.76,240.0,10375.0,1807.0,6.0,0.0,0.9569,0.0277
2016-01-31,643,2015-16,normal,1469621.5,486471.5,101.77,240.0,14440.0,1807.0,8.0,0.0,0.9989,0.042
2016-02-07,644,2015-16,normal,1429695.5,-39926.0,98.21,240.0,14557.0,1867.0,8.0,0.0,0.9749,-0.024
2016-02-14,645,2015-16,normal,1695452.5,265757.0,120.59,240.0,14060.0,1807.0,8.0,0.0,0.9726,-0.0023
2016-02-21,646,2015-16,normal,1747324.0,51871.5,117.76,240.0,14838.0,1867.0,8.0,0.0,0.9937,0.0211
2016-02-28,647,2015-16,normal,1295960.0,-451364.0,107.5,240.0,12055.0,1807.0,8.0,0.0,0.8339,-0.1598
2016-03-06,648,2015-16,normal,1337007.0,41047.0,108.98,240.0,12268.0,1807.0,8.0,0.0,0.8486,0.0147
2016-03-13,649,2015-16,normal,1662470.0,325463.0,117.88,240.0,14103.0,1807.0,8.0,0.0,0.9756,0.127
2016-03-20,650,2015-16,normal,1934807.0,272337.0,127.07,240.0,15226.0,1926.0,8.0,0.0,0.9882,0.0126
2016-03-27,651,2015-16,normal,2532613.0,597806.0,149.5,240.0,16940.0,1926.0,9.0,0.0,0.9773,-0.0109
2016-04-03,652,2015-16,normal,2215826.0,-316787.0,147.54,240.0,15018.0,1926.0,8.0,0.0,0.9747,-0.0025999999999999
2016-04-10,653,2015-16,normal,1676579.0,-539247.0,118.54,240.0,14143.0,1807.0,8.0,0.0,0.9783,0.0035999999999999
2016-04-17,654,2015-16,normal,1612361.0,-64218.0,118.23,240.0,13637.0,1807.0,8.0,0.0,0.9433,-0.035
2016-04-24,655,2015-16,normal,1660014.0,47653.0,120.2,240.0,13810.0,1807.0,8.0,0.0,0.9553,0.012
2016-05-01,656,2015-16,normal,1625910.0,-34104.0,118.22,240.0,13753.0,1807.0,8.0,0.0,0.9514,-0.0039
2016-05-08,657,2015-16,normal,1474349.0,-151561.0,116.17,240.0,12691.0,1807.0,8.0,0.0,0.8779,-0.0735
2016-05-15,658,2015-16,normal,1478453.0,4104.0,112.37,240.0,13157.0,1807.0,8.0,0.0,0.9101,0.0322
2016-05-22,659,2015-16,normal,1673967.0,195514.0,117.82,240.0,14208.0,1807.0,8.0,0.0,0.9828,0.0727
2016-05-29,660,2015-16,normal,1744424.0,70457.0,127.33,240.0,13700.0,1807.0,8.0,0.0,0.9477,-0.0351
2016-06-05,661,2015-16,normal,1684817.0,-59607.0,126.96,240.0,13270.0,1807.0,8.0,0.0,0.918,-0.0297
2016-06-12,662,2015-16,normal,1859038.0,174221.0,128.12,240.0,14510.0,1867.0,8.0,0.0,0.9717,0.0537
2016-06-19,663,2015-16,normal,1818372.0,-40666.0,129.75,240.0,14014.0,1807.0,8.0,0.0,0.9694,-0.0023
2016-06-26,664,2015-16,normal,1969159.0,150787.0,134.61,240.0,14629.0,1867.0,8.0,0.0,0.9797,0.0103
2016-07-03,665,2015-16,normal,1863121.0,-106038.0,134.29,240.0,13874.0,1807.0,8.0,0.0,0.9597,-0.02
2016-07-10,666,2015-16,normal,1758107.0,-105014.0,132.6,240.0,13259.0,1807.0,8.0,0.0,0.9172,-0.0425
2016-07-17,667,2015-16,normal,1780497.0,22390.0,127.46,240.0,13969.0,1807.0,8.0,0.0,0.9663,0.0491
2016-07-24,668,2015-16,normal,1896987.0,116490.0,130.03,240.0,14589.0,1867.0,8.0,0.0,0.977,0.0107
2016-07-31,669,2015-16,normal,1899742.0,2755.0,131.16,240.0,14484.0,1867.0,8.0,0.0,0.97,-0.007
2016-08-07,670,2015-16,normal,1927412.0,27670.0,126.02,240.0,15295.0,1807.0,9.0,0.0,0.9405,-0.0295
2016-08-14,671,2015-16,normal,1779664.0,-147748.0,128.92,240.0,13804.0,1807.0,8.0,0.0,0.9549,0.0144
2016-08-21,672,2015-16,normal,1575605.0,-204059.0,124.78,240.0,12627.0,1807.0,8.0,0.0,0.8735,-0.0814
2016-08-28,673,2015-16,normal,1458862.0,-116743.0,121.98,240.0,11960.0,1807.0,8.0,0.0,0.8273,-0.0462
2016-09-04,674,2016-17,normal,1408374.0,-50488.0,116.2,240.0,12120.0,1807.0,8.0,0.0,0.8384,0.0111
2016-09-11,675,2016-17,normal,1393167.5,-15206.5,94.04,240.0,14814.0,1867.0,8.0,0.0,0.9921,0.1537
2016-09-18,676,2016-17,normal,1500093.5,106926.0,97.78,240.0,15341.0,1926.0,8.0,0.0,0.9957,0.0036
2016-09-25,677,2016-17,normal,1285548.0,-214545.5,109.51,240.0,11739.0,1807.0,8.0,0.0,0.8121,-0.1836
2016-10-02,678,2016-17,normal,1368350.0,82802.0,112.08,240.0,12209.0,1807.0,8.0,0.0,0.8446,0.0325
2016-10-09,679,2016-17,normal,1719802.0,351452.0,124.36,240.0,13829.0,1807.0,8.0,0.0,0.9566,0.112
2016-10-16,680,2016-17,normal,1653148.0,-66654.0,117.75,240.0,14039.0,1807.0,8.0,0.0,0.9712,0.0146
2016-10-23,681,2016-17,normal,1682068.0,28920.0,117.42,240.0,14325.0,1807.0,8.0,0.0,0.9909,0.0197
2016-10-30,682,2016-17,normal,1456974.0,-225094.0,110.53,240.0,13182.0,1807.0,8.0,0.0,0.9119,-0.079
2016-11-06,683,2016-17,normal,1435835.0,-21139.0,114.89,240.0,12497.0,1807.0,8.0,0.0,0.8645,-0.0474
2016-11-13,684,2016-17,normal,1752417.0,316582.0,121.47,240.0,14427.0,1807.0,8.0,0.0,0.998,0.1335
2016-11-20,685,2016-17,normal,1481062.0,-271355.0,117.66,240.0,12588.0,1807.0,8.0,0.0,0.8708,-0.1272
2016-11-27,686,2016-17,normal,2286976.0,805914.0,160.67,240.0,14234.0,1807.0,8.0,0.0,0.9846,0.1138
2016-12-04,687,2016-17,normal,1736046.0,-550930.0,132.2,240.0,13132.0,1807.0,8.0,0.0,0.9084,-0.0762
2016-12-11,688,2016-17,normal,1909374.0,173328.0,130.49,240.0,14632.0,1867.0,8.0,0.0,0.9799,0.0715
2016-12-18,689,2016-17,normal,2092270.0,182896.0,140.31,240.0,14912.0,1867.0,8.0,0.0,0.9987,0.0188
2016-12-25,690,2016-17,normal,2245595.0,153325.0,153.29,240.0,14649.0,1867.0,8.0,0.0,0.981,-0.0177
2017-01-01,691,2016-17,normal,3162603.0,917008.0,182.83,240.0,17298.0,1926.0,9.0,0.0,0.9979,0.0169
2017-01-08,692,2016-17,normal,1845325.0,-1317278.0,123.09,240.0,14992.0,1926.0,8.0,0.0,0.973,-0.0249
2017-01-15,693,2016-17,normal,1668863.0,-176462.0,124.5,240.0,13405.0,1807.0,8.0,0.0,0.9273,-0.0457
2017-01-22,694,2016-17,normal,1609231.0,-59632.0,106.59,240.0,15098.0,1926.0,8.0,0.0,0.9799,0.0526
2017-01-29,695,2016-17,normal,1511001.0,-98230.0,100.43,240.0,15046.0,1926.0,8.0,0.0,0.9765,-0.0034
2017-02-05,696,2016-17,normal,1464623.0,-46378.0,98.97,240.0,14799.0,1867.0,8.0,0.0,0.9911,0.0146
2017-02-12,697,2016-17,normal,1306187.0,-158436.0,106.47,240.0,12268.0,1807.0,8.0,0.0,0.8486,-0.1425
2017-02-19,698,2016-17,normal,1807973.0,501786.0,127.39,240.0,14192.0,1807.0,8.0,0.0,0.9817,0.1331
2017-02-26,699,2016-17,normal,1764072.0,-43901.0,120.48,240.0,14642.0,1867.0,8.0,0.0,0.9806,-0.0011
2017-03-05,700,2016-17,normal,1515568.0,-248504.0,108.09,240.0,14021.0,1807.0,8.0,0.0,0.9699,-0.0107
2017-03-12,701,2016-17,normal,1697075.0,181507.0,113.81,240.0,14911.0,1867.0,8.0,0.0,0.9986,0.0287
2017-03-19,702,2016-17,normal,1913854.0,216779.0,124.94,240.0,15318.0,1926.0,8.0,0.0,0.9942,-0.0044000000000001
2017-03-26,703,2016-17,normal,1838772.0,-75082.0,120.83,240.0,15218.0,1926.0,8.0,0.0,0.9877,-0.0065
2017-04-02,704,2016-17,normal,1875410.0,36638.0,124.36,240.0,15080.0,1926.0,8.0,0.0,0.9787,-0.009
2017-04-09,705,2016-17,normal,1898005.0,22595.0,126.36,240.0,15021.0,1926.0,8.0,0.0,0.9749,-0.0038
2017-04-16,706,2016-17,normal,2554030.0,656025.0,149.56,240.0,17077.0,1926.0,9.0,0.0,0.9852,0.0103
2017-04-23,707,2016-17,normal,1972644.0,-581386.0,141.96,240.0,13896.0,1807.0,8.0,0.0,0.9613,-0.0239
2017-04-30,708,2016-17,normal,1591560.0,-381084.0,115.75,240.0,13750.0,1807.0,8.0,0.0,0.9512,-0.0101
2017-05-07,709,2016-17,normal,1539527.0,-52033.0,116.98,240.0,13161.0,1807.0,8.0,0.0,0.9104,-0.0408
2017-05-14,710,2016-17,normal,1641456.0,101929.0,116.99,240.0,14031.0,1807.0,8.0,0.0,0.9706,0.0602
2017-05-21,711,2016-17,normal,1730401.0,88945.0,117.42,240.0,14737.0,1867.0,8.0,0.0,0.9869,0.0163
2017-05-28,712,2016-17,normal,1803868.0,73467.0,120.6,240.0,14957.0,1926.0,8.0,0.0,0.9707,-0.0162
2017-06-04,713,2016-17,normal,1862923.0,59055.0,123.82,240.0,15046.0,1926.0,8.0,0.0,0.9765,0.0058
2017-06-11,714,2016-17,normal,1929353.0,66430.0,125.7,240.0,15349.0,1926.0,8.0,0.0,0.9962,0.0197
2017-06-18,715,2016-17,normal,1959694.0,30341.0,127.66,240.0,15351.0,1926.0,8.0,0.0,0.9963,9.9999999999989e-05
2017-06-25,716,2016-17,normal,1975981.0,16287.0,128.29,240.0,15402.0,1926.0,8.0,0.0,0.9996,0.0033000000000001
2017-07-02,717,2016-17,normal,2000408.0,24427.0,126.16,240.0,15856.0,1807.0,9.0,0.0,0.975,-0.0246
2017-07-09,718,2016-17,normal,1920520.0,-79888.0,126.98,240.0,15125.0,1926.0,8.0,0.0,0.9816,0.0066000000000001
2017-07-16,719,2016-17,normal,1900445.0,-20075.0,127.04,240.0,14960.0,1926.0,8.0,0.0,0.9709,-0.0107
2017-07-23,720,2016-17,normal,1948437.0,47992.0,128.25,240.0,15193.0,1926.0,8.0,0.0,0.986,0.0151
2017-07-30,721,2016-17,normal,1996228.0,47791.0,129.67,240.0,15395.0,1926.0,8.0,0.0,0.9992,0.0132
2017-08-06,722,2016-17,normal,1952642.0,-43586.0,128.24,240.0,15226.0,1926.0,8.0,0.0,0.9882,-0.011
2017-08-13,723,2016-17,normal,2066330.0,113688.0,126.32,240.0,16358.0,1926.0,9.0,0.0,0.9437,-0.0445
2017-08-20,724,2016-17,normal,1792574.0,-273756.0,126.51,240.0,14169.0,1807.0,8.0,0.0,0.9801,0.0364
2017-08-27,725,2016-17,normal,1608955.0,-183619.0,120.47,240.0,13356.0,1807.0,8.0,0.0,0.9239,-0.0562
2017-09-03,726,2017-18,normal,1674670.0,65715.0,121.36,240.0,13799.0,1807.0,8.0,0.0,0.9546,0.0307
2017-09-10,727,2017-18,normal,1420777.5,-253892.5,100.38,240.0,14154.0,1807.0,8.0,0.0,0.9791,0.0245
2017-09-17,728,2017-18,normal,1492476.5,71699.0,102.63,240.0,14542.0,1867.0,8.0,0.0,0.9739,-0.0052
2017-09-24,729,2017-18,normal,1408133.0,-84343.5,114.08,240.0,12343.0,1807.0,8.0,0.0,0.8538,-0.1201
2017-10-01,730,2017-18,normal,1419065.0,10932.0,111.88,240.0,12684.0,1807.0,8.0,0.0,0.8774,0.0236
2017-10-08,731,2017-18,normal,1869463.0,450398.0,127.54,240.0,14658.0,1867.0,8.0,0.0,0.9817,0.1043
2017-10-15,732,2017-18,normal,1767617.0,-101846.0,120.86,240.0,14625.0,1867.0,8.0,0.0,0.9794,-0.0023
2017-10-22,733,2017-18,normal,1695922.0,-71695.0,118.55,240.0,14305.0,1807.0,8.0,0.0,0.9896,0.0102
2017-10-29,734,2017-18,normal,1524660.0,-171262.0,110.68,240.0,13775.0,1807.0,8.0,0.0,0.9529,-0.0367
2017-11-05,735,2017-18,normal,1514501.0,-10159.0,116.45,240.0,13006.0,1807.0,8.0,0.0,0.8997,-0.0532
2017-11-12,736,2017-18,normal,1629694.0,115193.0,117.11,240.0,13916.0,1807.0,8.0,0.0,0.9626,0.0629
2017-11-19,737,2017-18,normal,1464141.0,-165553.0,108.91,240.0,13443.0,1807.0,8.0,0.0,0.9299,-0.0327
2017-11-26,738,2017-18,normal,2401024.0,936883.0,159.6,240.0,15044.0,1926.0,8.0,0.0,0.9764,0.0465
2017-12-03,739,2017-18,normal,1825028.0,-575996.0,131.04,240.0,13927.0,1807.0,8.0,0.0,0.9634,-0.013
2017-12-10,740,2017-18,normal,1894095.0,69067.0,131.24,240.0,14432.0,1807.0,8.0,0.0,0.9983,0.0349
2017-12-17,741,2017-18,normal,2000828.0,106733.0,136.56,240.0,14652.0,1867.0,8.0,0.0,0.9812,-0.0171
2017-12-24,742,2017-18,normal,2220606.0,219778.0,145.02,240.0,15312.0,1926.0,8.0,0.0,0.9938,0.0126
2017-12-31,743,2017-18,normal,3301067.0,1080461.0,190.44,240.0,17334.0,1926.0,9.0,0.0,1.0,0.0062
2018-01-07,744,2017-18,normal,1926621.0,-1374446.0,128.32,240.0,15014.0,1926.0,8.0,0.0,0.9744,-0.0256
2018-01-14,745,2017-18,normal,1646233.0,-280388.0,119.79,240.0,13743.0,1807.0,8.0,0.0,0.9507,-0.0237
2018-01-21,746,2017-18,normal,1583593.0,-62640.0,104.76,240.0,15116.0,1926.0,8.0,0.0,0.981,0.0303
2018-01-28,747,2017-18,normal,1497083.0,-86510.0,98.73,240.0,15163.0,1926.0,8.0,0.0,0.9841,0.0031
2018-02-04,748,2017-18,normal,1369478.5,-127604.5,92.13,240.0,14864.0,1867.0,8.0,0.0,0.9954,0.0113
2018-02-11,749,2017-18,normal,1311395.0,-58083.5,99.09,240.0,13235.0,1807.0,8.0,0.0,0.9155,-0.0799
2018-02-18,750,2017-18,normal,1818771.0,507376.0,124.01,240.0,14666.0,1867.0,8.0,0.0,0.9822,0.0667
2018-02-25,751,2017-18,normal,1744347.0,-74424.0,117.12,240.0,14894.0,1867.0,8.0,0.0,0.9975,0.0153
2018-03-04,752,2017-18,normal,1375941.0,-368406.0,98.68,240.0,13944.0,1807.0,8.0,0.0,0.9646,-0.0329
2018-03-11,753,2017-18,normal,1572946.0,197005.0,106.62,240.0,14753.0,1867.0,8.0,0.0,0.988,0.0234
2018-03-18,754,2017-18,normal,1877627.0,304681.0,122.54,240.0,15322.0,1926.0,8.0,0.0,0.9944,0.0064
2018-03-25,755,2017-18,normal,1815639.0,-61988.0,119.97,240.0,15134.0,1926.0,8.0,0.0,0.9822,-0.0122
2018-04-01,756,2017-18,normal,2723040.0,907401.0,158.41,240.0,17190.0,1926.0,9.0,0.0,0.9917,0.0095000000000001
2018-04-08,757,2017-18,normal,2390664.0,-332376.0,155.25,240.0,15399.0,1926.0,8.0,0.0,0.9994,0.0076999999999999
2018-04-15,758,2017-18,normal,1744175.0,-646489.0,119.47,240.0,14599.0,1867.0,8.0,0.0,0.9777,-0.0217
2018-04-22,759,2017-18,normal,1798728.0,54553.0,119.24,240.0,15085.0,1926.0,8.0,0.0,0.979,0.0013
2018-04-29,760,2017-18,normal,1651308.0,-147420.0,115.88,240.0,14250.0,1807.0,8.0,0.0,0.9857,0.0067
2018-05-06,761,2017-18,normal,1493289.0,-158019.0,114.31,240.0,13063.0,1807.0,8.0,0.0,0.9036,-0.0821
2018-05-13,762,2017-18,normal,1541991.0,48702.0,115.31,240.0,13372.0,1807.0,8.0,0.0,0.925,0.0214
2018-05-20,763,2017-18,normal,1749587.0,207596.0,116.93,240.0,14963.0,1926.0,8.0,0.0,0.9711,0.0461
2018-05-27,764,2017-18,normal,1805838.0,56251.0,119.06,240.0,15168.0,1926.0,8.0,0.0,0.9844,0.0133
2018-06-03,765,2017-18,normal,1854648.0,48810.0,121.69,240.0,15241.0,1926.0,8.0,0.0,0.9892,0.0047999999999999
2018-06-10,766,2017-18,normal,1923023.0,68375.0,125.27,240.0,15351.0,1926.0,8.0,0.0,0.9963,0.0071
2018-06-17,767,2017-18,normal,1945441.0,22418.0,127.1,240.0,15306.0,1926.0,8.0,0.0,0.9934,-0.0029
2018-06-24,768,2017-18,normal,1982377.0,36936.0,128.98,240.0,15370.0,1926.0,8.0,0.0,0.9975,0.0041000000000001
2018-07-01,769,2017-18,normal,1963807.0,-18570.0,130.15,240.0,15089.0,1926.0,8.0,0.0,0.9793,-0.0182
2018-07-08,770,2017-18,normal,1981742.0,17935.0,134.3,240.0,14756.0,1867.0,8.0,0.0,0.9882,0.0089
2018-07-15,771,2017-18,normal,1864640.0,-117102.0,127.49,240.0,14626.0,1867.0,8.0,0.0,0.9795,-0.0086999999999999
2018-07-22,772,2017-18,normal,1958763.0,94123.0,127.7,240.0,15339.0,1926.0,8.0,0.0,0.9955,0.016
2018-07-29,773,2017-18,normal,2199140.0,240377.0,127.93,240.0,17190.0,1926.0,9.0,0.0,0.9917,-0.0038
2018-08-05,774,2017-18,normal,1921398.0,-277742.0,126.15,240.0,15231.0,1926.0,8.0,0.0,0.9885,-0.0032
2018-08-12,775,2017-18,normal,1899969.0,-21429.0,126.86,240.0,14977.0,1926.0,8.0,0.0,0.972,-0.0165
2018-08-19,776,2017-18,normal,1760385.0,-139584.0,124.92,240.0,14092.0,1807.0,8.0,0.0,0.9748,0.0028
2018-08-26,777,2017-18,normal,1467931.0,-292454.0,114.02,240.0,12874.0,1807.0,8.0,0.0,0.8906,-0.0842
2018-09-02,778,2018-19,normal,1539772.0,71841.0,117.93,240.0,13057.0,1807.0,8.0,0.0,0.9032,0.0126
2018-09-09,779,2018-19,normal,1406290.5,-133481.5,93.71,240.0,15007.0,1926.0,8.0,0.0,0.974,0.0708
2018-09-16,780,2018-19,normal,1460436.0,54145.5,95.38,240.0,15312.0,1926.0,8.0,0.0,0.9938,0.0198
2018-09-23,781,2018-19,normal,1311800.5,-148635.5,112.47,240.0,11664.0,1807.0,8.0,0.0,0.8069,-0.1869
2018-09-30,782,2018-19,normal,1335224.0,23423.5,112.54,240.0,11864.0,1807.0,8.0,0.0,0.8207,0.0138
2018-10-07,783,2018-19,normal,1773676.0,438452.0,126.42,240.0,14030.0,1807.0,8.0,0.0,0.9705,0.1498
2018-10-14,784,2018-19,normal,1649536.0,-124140.0,119.97,240.0,13749.0,1807.0,8.0,0.0,0.9511,-0.0194
2018-10-21,785,2018-19,normal,1704955.0,55419.0,120.19,240.0,14185.0,1807.0,8.0,0.0,0.9813,0.0302
2018-10-28,786,2018-19,normal,1545030.0,-159925.0,114.78,240.0,13461.0,1807.0,8.0,0.0,0.9312,-0.0501
2018-11-04,787,2018-19,normal,1676014.0,130984.0,124.08,240.0,13508.0,1807.0,8.0,0.0,0.9344,0.0032
2018-11-11,788,2018-19,normal,1770608.0,94594.0,121.27,240.0,14601.0,1867.0,8.0,0.0,0.9778,0.0434
2018-11-18,789,2018-19,normal,1527418.0,-243190.0,112.82,240.0,13538.0,1807.0,8.0,0.0,0.9365,-0.0413
2018-11-25,790,2018-19,normal,2478106.0,950688.0,165.49,240.0,14974.0,1926.0,8.0,0.0,0.9718,0.0353
2018-12-02,791,2018-19,normal,1874882.0,-603224.0,131.42,240.0,14266.0,1807.0,8.0,0.0,0.9869,0.0151
2018-12-09,792,2018-19,normal,2000580.0,125698.0,136.4,240.0,14667.0,1867.0,8.0,0.0,0.9823,-0.0046
2018-12-16,793,2018-19,normal,2045142.0,44562.0,137.56,240.0,14867.0,1867.0,8.0,0.0,0.9956,0.0133
2018-12-23,794,2018-19,normal,2264992.0,219850.0,147.65,240.0,15340.0,1926.0,8.0,0.0,0.9956,0.0
2018-12-30,795,2018-19,normal,3411819.0,1146827.0,196.83,240.0,17334.0,1926.0,9.0,0.0,1.0,0.0044
2019-01-06,796,2018-19,normal,2040256.0,-1371563.0,135.49,240.0,15058.0,1926.0,8.0,0.0,0.9773,-0.0227
2019-01-13,797,2018-19,normal,1403103.0,-637153.0,107.03,240.0,13109.0,1807.0,8.0,0.0,0.9068,-0.0705
2019-01-20,798,2018-19,normal,1478702.0,75599.0,110.26,240.0,13411.0,1807.0,8.0,0.0,0.9277,0.0209
2019-01-27,799,2018-19,normal,1532751.0,54049.0,107.31,240.0,14283.0,1807.0,8.0,0.0,0.988,0.0603
2019-02-03,800,2018-19,normal,1363201.5,-169549.5,95.82,240.0,14227.0,1807.0,8.0,0.0,0.9842,-0.0038
2019-02-10,801,2018-19,normal,1445082.5,81881.0,98.53,240.0,14667.0,1867.0,8.0,0.0,0.9823,-0.0019
2019-02-17,802,2018-19,normal,1644307.0,199224.5,118.24,240.0,13906.0,1807.0,8.0,0.0,0.962,-0.0203
2019-02-24,803,2018-19,normal,1609708.0,-34599.0,121.31,240.0,13269.0,1807.0,8.0,0.0,0.9179,-0.0441
2019-03-03,804,2018-19,normal,1350938.0,-258770.0,102.92,240.0,13126.0,1807.0,8.0,0.0,0.908,-0.0099
2019-03-10,805,2018-19,normal,1555919.0,204981.0,106.6,240.0,14596.0,1867.0,8.0,0.0,0.9775,0.0695
2019-03-17,806,2018-19,normal,1836854.0,280935.0,119.29,240.0,15398.0,1926.0,8.0,0.0,0.9994,0.0219
2019-03-24,807,2018-19,normal,1937089.0,100235.0,125.88,240.0,15388.0,1926.0,8.0,0.0,0.9987,-0.0006999999999999
2019-03-31,808,2018-19,normal,1925972.0,-11117.0,125.25,240.0,15377.0,1926.0,8.0,0.0,0.998,-0.0007
2019-04-07,809,2018-19,normal,1833162.0,-92810.0,122.94,240.0,14911.0,1867.0,8.0,0.0,0.9986,0.0006
2019-04-14,810,2018-19,normal,1756669.0,-76493.0,122.51,240.0,14339.0,1807.0,8.0,0.0,0.9919,-0.0067
2019-04-21,811,2018-19,normal,2633078.0,876409.0,155.53,240.0,16930.0,1926.0,9.0,0.0,0.9767,-0.0152
2019-04-28,812,2018-19,normal,2001066.0,-632012.0,141.19,240.0,14173.0,1807.0,8.0,0.0,0.9804,0.0037
2019-05-05,813,2018-19,normal,1610389.0,-390677.0,115.76,240.0,13911.0,1807.0,8.0,0.0,0.9623,-0.0181
2019-05-12,814,2018-19,normal,1588434.0,-21955.0,117.82,240.0,13482.0,1807.0,8.0,0.0,0.9326,-0.0297
2019-05-19,815,2018-19,normal,1660962.0,72528.0,117.3,240.0,14160.0,1807.0,8.0,0.0,0.9795,0.0469
2019-05-26,816,2018-19,normal,1751069.0,90107.0,120.27,240.0,14559.0,1867.0,8.0,0.0,0.975,-0.0045000000000001
2019-06-02,817,2018-19,normal,1818939.0,67870.0,125.98,240.0,14438.0,1807.0,8.0,0.0,0.9988,0.0238
2019-06-09,818,2018-19,normal,1960837.0,141898.0,128.69,240.0,15237.0,1926.0,8.0,0.0,0.9889,-0.0099
2019-06-16,819,2018-19,normal,1924730.0,-36107.0,127.39,240.0,15109.0,1926.0,8.0,0.0,0.9806,-0.0083
2019-06-23,820,2018-19,normal,1992828.0,68098.0,130.79,240.0,15237.0,1926.0,8.0,0.0,0.9889,0.0083
2019-06-30,821,2018-19,normal,1884103.0,-108725.0,126.44,240.0,14901.0,1867.0,8.0,0.0,0.9979,0.009
2019-07-07,822,2018-19,normal,1917159.0,33056.0,131.08,240.0,14626.0,1867.0,8.0,0.0,0.9795,-0.0184
2019-07-14,823,2018-19,normal,1574763.0,-342396.0,123.68,240.0,12733.0,1858.0,7.0,0.0,0.979,-0.0005
2019-07-21,824,2018-19,normal,1917793.0,343030.0,126.26,240.0,15189.0,1926.0,8.0,0.0,0.9858,0.0068
2019-07-28,825,2018-19,normal,2076615.0,158822.0,127.13,240.0,16334.0,1860.0,9.0,0.0,0.9758,-0.01
2019-08-04,826,2018-19,normal,1839043.0,-237572.0,127.92,240.0,14377.0,1807.0,8.0,0.0,0.9945,0.0187
2019-08-11,827,2018-19,normal,1766537.0,-72506.0,124.98,240.0,14135.0,1807.0,8.0,0.0,0.9778,-0.0167
2019-08-18,828,2018-19,normal,1598241.0,-168296.0,123.22,240.0,12971.0,1807.0,8.0,0.0,0.8973,-0.0805
2019-08-25,829,2018-19,normal,1398360.5,-199880.5,117.96,240.0,11855.0,1807.0,8.0,0.0,0.8201,-0.0772
2019-09-01,830,2019-20,normal,1511003.0,112642.5,116.07,240.0,13018.0,1807.0,8.0,0.0,0.9005,0.0804
2019-09-08,831,2019-20,dark_break,,,,240.0,,,,,,
2019-09-15,832,2019-20,normal,1451091.5,-59911.5,99.74,240.0,14549.0,1867.0,8.0,0.0,0.9744,0.0739
2019-09-22,833,2019-20,normal,1308200.0,-142891.5,110.54,240.0,11835.0,1807.0,8.0,0.0,0.8187,-0.1557
2019-09-29,834,2019-20,normal,1376195.0,67995.0,109.19,240.0,12604.0,1807.0,8.0,0.0,0.8719,0.0532
2019-10-06,835,2019-20,normal,1307871.0,-68324.0,108.53,240.0,12051.0,1807.0,8.0,0.0,0.8336,-0.0383
2019-10-13,836,2019-20,normal,1839657.0,531786.0,121.84,240.0,15099.0,1926.0,8.0,0.0,0.9799,0.1463
2019-10-20,837,2019-20,normal,1677867.0,-161790.0,117.32,240.0,14302.0,1807.0,8.0,0.0,0.9893,0.0094
2019-10-27,838,2019-20,normal,1486184.5,-191682.5,107.52,240.0,13823.0,1807.0,8.0,0.0,0.9562,-0.0331
2019-11-03,839,2019-20,normal,1441623.5,-44561.0,106.87,240.0,13490.0,1807.0,8.0,0.0,0.9332,-0.023
2019-11-10,840,2019-20,normal,1612019.5,170396.0,114.37,240.0,14095.0,1807.0,8.0,0.0,0.975,0.0418
2019-11-17,841,2019-20,normal,1324358.5,-287661.0,110.37,240.0,11999.0,1807.0,8.0,0.0,0.83,-0.145
2019-11-24,842,2019-20,normal,1585415.0,261056.5,117.0,240.0,13550.0,1807.0,8.0,0.0,0.9373,0.1073
2019-12-01,843,2019-20,normal,2200777.0,615362.0,153.01,240.0,14383.0,1807.0,8.0,0.0,0.995,0.0577
2019-12-08,844,2019-20,normal,1929278.0,-271499.0,132.85,240.0,14522.0,1867.0,8.0,0.0,0.9725,-0.0225
2019-12-15,845,2019-20,normal,2022209.0,92931.0,133.94,240.0,15098.0,1926.0,8.0,0.0,0.9799,0.0074
2019-12-22,846,2019-20,normal,2401820.0,0.0,155.88,240.0,15408.0,1926.0,8.0,0.0,1.0,0.0
2019-12-29,847,2019-20,normal,3217944.0,816124.0,185.64,240.0,17334.0,1926.0,9.0,0.0,1.0,0.0
2020-01-05,848,2019-20,normal,2200110.0,-1017834.0,143.25,240.0,15358.0,1926.0,8.0,0.0,0.9968,-0.0032
2020-01-12,849,2019-20,normal,1337825.0,-862285.0,100.69,240.0,13287.0,1807.0,8.0,0.0,0.9191,-0.0777
2020-01-19,850,2019-20,normal,1472994.0,135169.0,108.27,230.0,13605.0,1807.0,8.0,0.0,0.9411,0.022
2020-01-26,851,2019-20,normal,1469430.5,-3563.5,102.79,220.0,14296.0,1807.0,8.0,0.0,0.9889,0.0478
2020-02-02,852,2019-20,normal,1301830.0,-167600.5,90.42,250.0,14397.0,1807.0,8.0,0.0,0.9959,0.007
2020-02-09,853,2019-20,normal,1410131.5,108301.5,94.23,250.0,14964.0,1926.0,8.0,0.0,0.9712,-0.0247
2020-02-16,854,2019-20,normal,1528895.0,118763.5,111.41,250.0,13723.0,1807.0,8.0,0.0,0.9493,-0.0219
2020-02-23,855,2019-20,normal,1602999.0,74104.0,110.67,250.0,14485.0,1867.0,8.0,0.0,0.9701,0.0208
2020-03-01,856,2019-20,normal,1202089.5,-400909.5,96.33,250.0,12479.0,1807.0,8.0,0.0,0.8632,-0.1069
2020-03-08,857,2019-20,normal,1254306.0,52216.5,96.63,250.0,12981.0,1807.0,8.0,0.0,0.898,0.0348
2020-03-15,858,2019-20,dark_covid,,,,250.0,,,,,,
2020-03-22,859,2019-20,dark_covid,,,,250.0,,,,,,
2020-03-29,860,2019-20,dark_covid,,,,250.0,,,,,,
2020-04-05,861,2019-20,dark_covid,,,,250.0,,,,,,
2020-04-12,862,2019-20,dark_covid,,,,250.0,,,,,,
2020-04-19,863,2019-20,dark_covid,,,,250.0,,,,,,
2020-04-26,864,2019-20,dark_covid,,,,250.0,,,,,,
2020-05-03,865,2019-20,dark_covid,,,,250.0,,,,,,
2020-05-10,866,2019-20,dark_covid,,,,250.0,,,,,,
2020-05-17,867,2019-20,dark_covid,,,,250.0,,,,,,
2020-05-24,868,2019-20,dark_covid,,,,250.0,,,,,,
2020-05-31,869,2019-20,dark_covid,,,,250.0,,,,,,
2020-06-07,870,2019-20,dark_covid,,,,250.0,,,,,,
2020-06-14,871,2019-20,dark_covid,,,,250.0,,,,,,
2020-06-21,872,2019-20,dark_covid,,,,250.0,,,,,,
2020-06-28,873,2019-20,dark_covid,,,,250.0,,,,,,
2020-07-05,874,2019-20,dark_covid,,,,250.0,,,,,,
2020-07-12,875,2019-20,dark_covid,,,,250.0,,,,,,
2020-07-19,876,2019-20,dark_covid,,,,250.0,,,,,,
2020-07-26,877,2019-20,dark_covid,,,,250.0,,,,,,
2020-08-02,878,2019-20,dark_covid,,,,250.0,,,,,,
2020-08-09,879,2019-20,dark_covid,,,,250.0,,,,,,
2020-08-16,880,2019-20,dark_covid,,,,250.0,,,,,,
2020-08-23,881,2019-20,dark_covid,,,,250.0,,,,,,
2020-08-30,882,2019-20,dark_covid,,,,250.0,,,,,,
2020-09-06,883,2020-21,dark_covid,,,,250.0,,,,,,
2020-09-13,884,2020-21,dark_covid,,,,250.0,,,,,,
2020-09-20,885,2020-21,dark_covid,,,,250.0,,,,,,
2020-09-27,886,2020-21,dark_covid,,,,250.0,,,,,,
2020-10-04,887,2020-21,dark_covid,,,,250.0,,,,,,
2020-10-11,888,2020-21,dark_covid,,,,250.0,,,,,,
2020-10-18,889,2020-21,dark_covid,,,,250.0,,,,,,
2020-10-25,890,2020-21,dark_covid,,,,250.0,,,,,,
2020-11-01,891,2020-21,dark_covid,,,,250.0,,,,,,
2020-11-08,892,2020-21,dark_covid,,,,250.0,,,,,,
2020-11-15,893,2020-21,dark_covid,,,,250.0,,,,,,
2020-11-22,894,2020-21,dark_covid,,,,250.0,,,,,,
2020-11-29,895,2020-21,dark_covid,,,,250.0,,,,,,
2020-12-06,896,2020-21,dark_covid,,,,250.0,,,,,,
2020-12-13,897,2020-21,dark_covid,,,,250.0,,,,,,
2020-12-20,898,2020-21,dark_covid,,,,250.0,,,,,,
2020-12-27,899,2020-21,dark_covid,,,,250.0,,,,,,
2021-01-03,900,2020-21,dark_covid,,,,250.0,,,,,,
2021-01-10,901,2020-21,dark_covid,,,,250.0,,,,,,
2021-01-17,902,2020-21,dark_covid,,,,250.0,,,,,,
2021-01-24,903,2020-21,dark_covid,,,,250.0,,,,,,
2021-01-31,904,2020-21,dark_covid,,,,250.0,,,,,,
2021-02-07,905,2020-21,dark_covid,,,,250.0,,,,,,
2021-02-14,906,2020-21,dark_covid,,,,250.0,,,,,,
2021-02-21,907,2020-21,dark_covid,,,,250.0,,,,,,
2021-02-28,908,2020-21,dark_covid,,,,250.0,,,,,,
2021-03-07,909,2020-21,dark_covid,,,,250.0,,,,,,
2021-03-14,910,2020-21,dark_covid,,,,250.0,,,,,,
2021-03-21,911,2020-21,dark_covid,,,,250.0,,,,,,
2021-03-28,912,2020-21,dark_covid,,,,250.0,,,,,,
2021-04-04,913,2020-21,dark_covid,,,,250.0,,,,,,
2021-04-11,914,2020-21,dark_covid,,,,250.0,,,,,,
2021-04-18,915,2020-21,dark_covid,,,,250.0,,,,,,
2021-04-25,916,2020-21,dark_covid,,,,250.0,,,,,,
2021-05-02,917,2020-21,dark_covid,,,,250.0,,,,,,
2021-05-09,918,2020-21,dark_covid,,,,250.0,,,,,,
2021-05-16,919,2020-21,dark_covid,,,,250.0,,,,,,
2021-05-23,920,2020-21,dark_covid,,,,250.0,,,,,,
2021-05-30,921,2020-21,dark_covid,,,,250.0,,,,,,
2021-06-06,922,2020-21,dark_covid,,,,250.0,,,,,,
2021-06-13,923,2020-21,dark_covid,,,,250.0,,,,,,
2021-06-20,924,2020-21,dark_covid,,,,250.0,,,,,,
2021-06-27,925,2020-21,dark_covid,,,,250.0,,,,,,
2021-07-04,926,2020-21,dark_covid,,,,250.0,,,,,,
2021-07-11,927,2020-21,dark_covid,,,,250.0,,,,,,
2021-07-18,928,2020-21,dark_covid,,,,250.0,,,,,,
2021-07-25,929,2020-21,dark_covid,,,,250.0,,,,,,
2021-08-01,930,2020-21,dark_covid,,,,250.0,,,,,,
2021-08-08,931,2020-21,dark_covid,,,,250.0,,,,,,
2021-08-15,932,2020-21,dark_covid,,,,250.0,,,,,,
2021-08-22,933,2020-21,dark_covid,,,,250.0,,,,,,
2021-08-29,934,2020-21,dark_covid,,,,250.0,,,,,,
2021-09-05,935,2021-22,dark_covid,,,,250.0,,,,,,
2021-09-12,936,2021-22,dark_covid,,,,250.0,,,,,,
2021-09-19,937,2021-22,normal,1858965.0,604659.0,137.88,250.0,13482.0,1926.0,7.0,0.0,1.0,0.102
2021-09-26,938,2021-22,normal,1775297.0,-83668.0,131.7,250.0,13480.0,1926.0,7.0,0.0,0.9999,-9.9999999999989e-05
2021-10-03,939,2021-22,normal,1650078.0,-125219.0,129.98,250.0,12695.0,1858.0,7.0,0.0,0.9761,-0.0238
2021-10-10,940,2021-22,normal,2085152.0,435074.0,135.63,250.0,15374.0,1926.0,8.0,0.0,0.9978,0.0217
2021-10-17,941,2021-22,normal,1920067.0,-165085.0,126.94,250.0,15126.0,1926.0,8.0,0.0,0.9817,-0.0161
2021-10-24,942,2021-22,normal,1763791.0,-156276.0,123.8,250.0,14247.0,1807.0,8.0,0.0,0.9855,0.0038
2021-10-31,943,2021-22,normal,1479824.0,-283967.0,119.53,250.0,12380.0,1807.0,8.0,0.0,0.8564,-0.1291
2021-11-07,944,2021-22,normal,1666845.0,187021.0,119.43,250.0,13957.0,1807.0,8.0,0.0,0.9655,0.1091
2021-11-14,945,2021-22,normal,1746888.0,80043.0,122.21,250.0,14294.0,1807.0,8.0,0.0,0.9888,0.0233
2021-11-21,946,2021-22,normal,1630228.0,-116660.0,122.14,250.0,13347.0,1807.0,8.0,0.0,0.9233,-0.0655
2021-11-28,947,2021-22,normal,2371988.0,741760.0,154.12,250.0,15391.0,1926.0,8.0,0.0,0.9989,0.0756
2021-12-05,948,2021-22,normal,1123827.0,-1248161.0,131.58,250.0,8541.0,1807.0,5.0,0.0,0.9453,-0.0536
2021-12-12,949,2021-22,normal,2112165.0,988338.0,140.45,250.0,15039.0,1926.0,8.0,0.0,0.9761,0.0308
2021-12-19,950,2021-22,normal,2156392.0,44227.0,141.72,250.0,15216.0,1926.0,8.0,0.0,0.9875,0.0114
2021-12-26,951,2021-22,normal,2564850.0,408458.0,167.12,250.0,15347.0,1926.0,8.0,0.0,0.996,0.0085
2022-01-02,952,2021-22,normal,2780165.0,215315.0,166.51,250.0,16697.0,1926.0,9.0,0.0,0.9633,-0.0327
2022-01-09,953,2021-22,normal,1123096.0,-1657069.0,114.37,250.0,9820.0,1807.0,8.0,0.0,0.6793,-0.284
2022-01-16,954,2021-22,normal,1088026.0,-35070.0,111.87,250.0,9726.0,1807.0,8.0,0.0,0.6728,-0.0065000000000001
2022-01-23,955,2021-22,normal,1030380.5,-57645.5,98.86,250.0,10423.0,1807.0,7.0,0.0,0.824,0.1512
2022-01-30,956,2021-22,normal,910556.5,-119824.0,93.83,250.0,9704.0,1807.0,7.0,0.0,0.7672,-0.0568
2022-02-06,957,2021-22,normal,1136319.5,225763.0,99.79,250.0,11387.0,1807.0,7.0,0.0,0.9002,0.133
2022-02-13,958,2021-22,normal,1272705.0,136385.5,102.66,250.0,12397.0,1807.0,7.0,0.0,0.9801,0.0799
2022-02-20,959,2021-22,normal,1498822.0,226117.0,121.47,250.0,12339.0,1807.0,7.0,0.0,0.9755,-0.0045999999999999
2022-02-27,960,2021-22,normal,1586470.0,87648.0,116.5,250.0,13618.0,1807.0,8.0,0.0,0.942,-0.0335
2022-03-06,961,2021-22,normal,1132287.0,-454183.0,107.04,250.0,10578.0,1807.0,7.0,0.0,0.8363,-0.1057
2022-03-13,962,2021-22,normal,1504749.0,372462.0,111.5,250.0,13495.0,1807.0,8.0,0.0,0.9335,0.0972
2022-03-20,963,2021-22,normal,1944704.0,439955.0,130.51,242.0,14901.0,1867.0,8.0,0.0,0.9979,0.0644
2022-03-27,964,2021-22,normal,1855219.0,-89485.0,126.72,242.0,14640.0,1867.0,8.0,0.0,0.9804,-0.0175
2022-04-03,965,2021-22,normal,1739736.0,-115483.0,124.72,242.0,13949.0,1807.0,8.0,0.0,0.9649,-0.0155
2022-04-10,966,2021-22,normal,1866191.0,126455.0,131.14,242.0,14230.0,1807.0,8.0,0.0,0.9844,0.0195
2022-04-17,967,2021-22,normal,2314088.0,447897.0,145.1,242.0,15948.0,1807.0,9.0,0.0,0.9806,-0.0038
2022-04-24,968,2021-22,normal,1908644.0,-405444.0,136.74,230.0,13958.0,1807.0,8.0,0.0,0.9656,-0.015
2022-05-01,969,2021-22,normal,1196763.0,-711881.0,112.81,230.0,10609.0,1807.0,8.0,0.0,0.7339,-0.2317
2022-05-08,970,2021-22,normal,1341127.0,144364.0,119.06,230.0,11264.0,1807.0,8.0,0.0,0.7792,0.0453
2022-05-15,971,2021-22,normal,1361373.0,20246.0,123.31,230.0,11040.0,1807.0,8.0,0.0,0.7637,-0.0155
2022-05-22,972,2021-22,normal,1572052.0,210679.0,123.26,230.0,12754.0,1807.0,8.0,0.0,0.8823,0.1186
2022-05-29,973,2021-22,normal,1780207.0,208155.0,130.3,260.0,13662.0,1807.0,8.0,0.0,0.9451,0.0628
2022-06-05,974,2021-22,normal,1691594.0,-88613.0,125.53,260.0,13476.0,1807.0,8.0,0.0,0.9322,-0.0129
2022-06-12,975,2021-22,normal,1861096.0,169502.0,130.39,260.0,14273.0,1807.0,8.0,0.0,0.9873,0.0551
2022-06-19,976,2021-22,normal,1894999.0,33903.0,130.4,260.0,14532.0,1867.0,8.0,0.0,0.9732,-0.0141
2022-06-26,977,2021-22,normal,1968156.0,0.0,133.87,260.0,14702.0,1867.0,8.0,0.0,0.9846,0.0
2022-07-03,978,2021-22,normal,1826026.0,-142130.0,131.14,260.0,13924.0,1807.0,8.0,0.0,0.9632,-0.0214
2022-07-10,979,2021-22,normal,1595480.0,-230546.0,129.93,260.0,12280.0,1807.0,8.0,0.0,0.8495,-0.1137
2022-07-17,980,2021-22,normal,1767432.0,171952.0,132.1,260.0,13379.0,1807.0,8.0,0.0,0.9255,0.076
2022-07-24,981,2021-22,normal,1846484.0,79052.0,133.16,260.0,13867.0,1807.0,8.0,0.0,0.9593,0.0338
2022-07-31,982,2021-22,normal,1936020.0,89536.0,132.16,260.0,14649.0,1807.0,9.0,0.0,0.9008,-0.0585
2022-08-07,983,2021-22,normal,1705618.0,-230402.0,130.71,260.0,13049.0,1807.0,8.0,0.0,0.9027,0.0018999999999999
2022-08-14,984,2021-22,normal,1562630.0,-142988.0,128.17,260.0,12192.0,1807.0,8.0,0.0,0.8434,-0.0593
2022-08-21,985,2021-22,normal,1590189.0,27559.0,125.27,250.0,12694.0,1807.0,8.0,0.0,0.8781,0.0347
2022-08-28,986,2021-22,normal,1353948.0,-236241.0,115.82,250.0,11690.0,1807.0,8.0,0.0,0.8087,-0.0694
2022-09-04,987,2022-23,normal,1534385.0,180437.0,121.53,250.0,12626.0,1807.0,8.0,0.0,0.8734,0.0647
2022-09-11,988,2022-23,normal,1360100.0,-174285.0,103.67,250.0,13119.0,1807.0,8.0,0.0,0.9075,0.0341
2022-09-18,989,2022-23,normal,1414987.5,54887.5,106.0,250.0,13349.0,1807.0,8.0,0.0,0.9234,0.0159
2022-09-25,990,2022-23,normal,1496980.5,81993.0,106.3,250.0,14083.0,1807.0,8.0,0.0,0.9742,0.0508
2022-10-02,991,2022-23,normal,1328656.0,-168324.5,109.59,250.0,12124.0,1807.0,8.0,0.0,0.8387,-0.1355
2022-10-09,992,2022-23,normal,1839357.0,510701.0,128.84,250.0,14276.0,1807.0,8.0,0.0,0.9875,0.1488
2022-10-16,993,2022-23,normal,1726236.0,-113121.0,119.02,250.0,14504.0,1867.0,8.0,0.0,0.9713,-0.0162
2022-10-23,994,2022-23,normal,1610381.0,-115855.0,117.45,250.0,13711.0,1807.0,8.0,0.0,0.9485,-0.0228
2022-10-30,995,2022-23,normal,1346056.0,-264325.0,109.17,250.0,12330.0,1807.0,8.0,0.0,0.8529,-0.0956
2022-11-06,996,2022-23,normal,1413132.0,67076.0,110.97,250.0,12734.0,1807.0,8.0,0.0,0.8809,0.028
2022-11-13,997,2022-23,normal,1704565.0,291433.0,120.94,250.0,14094.0,1807.0,8.0,0.0,0.975,0.0941
2022-11-20,998,2022-23,normal,1619326.0,-85239.0,121.18,250.0,13363.0,1807.0,8.0,0.0,0.9244,-0.0506
2022-11-27,999,2022-23,normal,2320543.0,701217.0,157.39,275.0,14744.0,1867.0,8.0,0.0,0.9874,0.063
2022-12-04,1000,2022-23,normal,1824793.0,-495750.0,132.01,250.0,13823.0,1807.0,8.0,0.0,0.9562,-0.0312
2022-12-11,1001,2022-23,normal,2083245.0,258452.0,136.72,275.0,15237.0,1926.0,8.0,0.0,0.9889,0.0327
2022-12-18,1002,2022-23,normal,2159025.0,75780.0,141.44,275.0,15265.0,1926.0,8.0,0.0,0.9907,0.0018
2022-12-25,1003,2022-23,normal,2362930.0,203905.0,156.28,275.0,15120.0,1926.0,8.0,0.0,0.9813,-0.0094000000000001
2023-01-01,1004,2022-23,normal,3152679.0,789749.0,181.88,275.0,17334.0,1926.0,9.0,0.0,1.0,0.0187
2023-01-08,1005,2022-23,normal,1982764.0,-1169915.0,129.6,275.0,15299.0,1926.0,8.0,0.0,0.9929,-0.0071
2023-01-15,1006,2022-23,normal,1667292.0,-315472.0,121.21,275.0,13755.0,1807.0,8.0,0.0,0.9515,-0.0414
2023-01-22,1007,2022-23,normal,1657436.5,-9855.5,114.37,275.0,14492.0,1867.0,8.0,0.0,0.9705,0.019
2023-01-29,1008,2022-23,normal,1549246.5,-108190.0,109.09,275.0,14201.0,1807.0,8.0,0.0,0.9824,0.0119
2023-02-05,1009,2022-23,normal,1492754.5,-56492.0,104.73,275.0,14254.0,1807.0,8.0,0.0,0.986,0.0035999999999999
2023-02-12,1010,2022-23,normal,1466259.5,-26495.0,99.02,275.0,14808.0,1867.0,8.0,0.0,0.9917,0.0057
2023-02-19,1011,2022-23,normal,1791292.0,325032.5,128.68,275.0,13921.0,1807.0,8.0,0.0,0.963,-0.0287
2023-02-26,1012,2022-23,normal,1781581.0,-9711.0,121.75,275.0,14633.0,1867.0,8.0,0.0,0.98,0.017
2023-03-05,1013,2022-23,normal,1388296.0,-393285.0,108.26,275.0,12824.0,1807.0,8.0,0.0,0.8871,-0.0929
2023-03-12,1014,2022-23,normal,1689369.0,301073.0,114.98,275.0,14693.0,1867.0,8.0,0.0,0.984,0.0969
2023-03-19,1015,2022-23,normal,2038192.0,348823.0,132.5,275.0,15383.0,1926.0,8.0,0.0,0.9984,0.0144
2023-03-26,1016,2022-23,normal,1878920.0,-159272.0,126.5,275.0,14853.0,1867.0,8.0,0.0,0.9947,-0.0036999999999999
2023-04-02,1017,2022-23,normal,2001359.0,122439.0,130.42,275.0,15346.0,1926.0,8.0,0.0,0.996,0.0013
2023-04-09,1018,2022-23,normal,2751659.0,750300.0,158.81,275.0,17327.0,1926.0,9.0,0.0,0.9996,0.0036
2023-04-16,1019,2022-23,normal,2251012.0,-500647.0,147.53,275.0,15258.0,1926.0,8.0,0.0,0.9903,-0.0093000000000001
2023-04-23,1020,2022-23,normal,1732716.0,-518296.0,123.03,275.0,14084.0,1807.0,8.0,0.0,0.9743,-0.016
2023-04-30,1021,2022-23,normal,1652822.0,-79894.0,120.45,275.0,13722.0,1807.0,8.0,0.0,0.9492,-0.0251
2023-05-07,1022,2022-23,normal,1484958.0,-167864.0,119.0,275.0,12479.0,1807.0,8.0,0.0,0.8632,-0.086
2023-05-14,1023,2022-23,normal,1500186.0,15228.0,119.64,275.0,12539.0,1807.0,8.0,0.0,0.8674,0.0042
2023-05-21,1024,2022-23,normal,1678944.0,178758.0,120.92,275.0,13885.0,1807.0,8.0,0.0,0.9605,0.0931
2023-05-28,1025,2022-23,normal,1825756.0,146812.0,123.79,275.0,14749.0,1867.0,8.0,0.0,0.9877,0.0272
2023-06-04,1026,2022-23,normal,1873517.0,47761.0,126.9,275.0,14764.0,1867.0,8.0,0.0,0.9887,0.001
2023-06-11,1027,2022-23,normal,1954264.0,80747.0,128.82,275.0,15170.0,1926.0,8.0,0.0,0.9846,-0.0041
2023-06-18,1028,2022-23,normal,1985112.0,30848.0,130.16,275.0,15251.0,1926.0,8.0,0.0,0.9898,0.0052
2023-06-25,1029,2022-23,normal,1993797.0,0.0,130.98,275.0,15222.0,1926.0,8.0,0.0,0.9879,0.0
2023-07-02,1030,2022-23,normal,1880218.0,-113579.0,130.76,275.0,14379.0,1807.0,8.0,0.0,0.9947,0.0068
2023-07-09,1031,2022-23,normal,1967790.0,87572.0,132.37,275.0,14866.0,1867.0,8.0,0.0,0.9956,0.0009
2023-07-16,1032,2022-23,normal,1802596.0,-165194.0,130.33,275.0,13831.0,1807.0,8.0,0.0,0.9568,-0.0388
2023-07-23,1033,2022-23,normal,1916041.0,113445.0,131.65,275.0,14554.0,1867.0,8.0,0.0,0.9747,0.0179
2023-07-30,1034,2022-23,normal,2139425.0,223384.0,130.05,275.0,16451.0,1860.0,9.0,0.0,0.9828,0.0081
2023-08-06,1035,2022-23,normal,1910102.0,-229323.0,130.96,275.0,14585.0,1867.0,8.0,0.0,0.9768,-0.006
2023-08-13,1036,2022-23,normal,1808293.0,-101809.0,130.32,275.0,13876.0,1807.0,8.0,0.0,0.9599,-0.0169
2023-08-20,1037,2022-23,normal,1559480.0,-248813.0,125.43,275.0,12433.0,1807.0,8.0,0.0,0.8601,-0.0998
2023-08-27,1038,2022-23,normal,1514362.0,-45118.0,121.39,275.0,12475.0,1807.0,8.0,0.0,0.863,0.0029
2023-09-03,1039,2023-24,normal,1697026.5,182664.5,125.16,275.0,13559.0,1807.0,8.0,0.0,0.9379,0.0749
2023-09-10,1040,2023-24,normal,1487873.0,-209153.5,107.2,275.0,13879.0,1807.0,8.0,0.0,0.9601,0.0222
2023-09-17,1041,2023-24,normal,1526289.0,38416.0,107.59,275.0,14186.0,1807.0,8.0,0.0,0.9813,0.0212
2023-09-24,1042,2023-24,normal,1321960.0,-204329.0,118.82,275.0,11126.0,1807.0,8.0,0.0,0.7696,-0.2117
2023-10-01,1043,2023-24,normal,1420368.0,98408.0,120.2,275.0,11817.0,1807.0,8.0,0.0,0.8174,0.0478
2023-10-08,1044,2023-24,normal,1926142.0,505774.0,135.58,275.0,14207.0,1807.0,8.0,0.0,0.9828,0.1654
2023-10-15,1045,2023-24,normal,1906835.0,-19307.0,127.35,275.0,14973.0,1926.0,8.0,0.0,0.9718,-0.011
2023-10-22,1046,2023-24,normal,1809977.0,-96858.0,124.83,275.0,14499.0,1867.0,8.0,0.0,0.971,-0.0008
2023-10-29,1047,2023-24,normal,1922483.0,112506.0,137.09,275.0,14023.0,1807.0,8.0,0.0,0.97,-0.001
2023-11-05,1048,2023-24,normal,1834506.0,-87977.0,134.18,275.0,13672.0,1807.0,8.0,0.0,0.9458,-0.0242
2023-11-12,1049,2023-24,normal,1864500.0,29994.0,132.03,275.0,14122.0,1807.0,8.0,0.0,0.9769,0.0311
2023-11-19,1050,2023-24,normal,1780950.0,-83550.0,132.65,275.0,13426.0,1807.0,8.0,0.0,0.9287,-0.0482
2023-11-26,1051,2023-24,normal,2573538.0,792588.0,172.27,275.0,14939.0,1926.0,8.0,0.0,0.9696,0.0409
2023-12-03,1052,2023-24,normal,2109634.0,-463904.0,146.69,275.0,14382.0,1807.0,8.0,0.0,0.9949,0.0253
2023-12-10,1053,2023-24,normal,2263703.0,154069.0,147.44,275.0,15353.0,1926.0,8.0,0.0,0.9964,0.0014999999999999
2023-12-17,1054,2023-24,normal,2309240.0,45537.0,149.92,275.0,15403.0,1926.0,8.0,0.0,0.9997,0.0033000000000001
2023-12-24,1055,2023-24,normal,2525966.0,216726.0,164.13,275.0,15390.0,1926.0,8.0,0.0,0.9988,-0.0009
2023-12-31,1056,2023-24,normal,4003233.0,1477267.0,231.01,275.0,17329.0,1926.0,9.0,0.0,0.9997,0.0009
2024-01-07,1057,2023-24,normal,2124815.0,-1878418.0,139.99,275.0,15178.0,1926.0,8.0,0.0,0.9851,-0.0146
2024-01-14,1058,2023-24,normal,1757766.0,-367049.0,131.05,275.0,13413.0,1807.0,8.0,0.0,0.9279,-0.0572
2024-01-21,1059,2023-24,normal,1695760.0,-62006.0,118.94,275.0,14257.0,1807.0,8.0,0.0,0.9862,0.0583
2024-01-28,1060,2023-24,normal,1634333.5,-61426.5,112.34,275.0,14548.0,1867.0,8.0,0.0,0.9743,-0.0119
2024-02-04,1061,2023-24,normal,1602195.0,-32138.5,108.29,275.0,14796.0,1867.0,8.0,0.0,0.9909,0.0166
2024-02-11,1062,2023-24,normal,1303287.75,-298907.25,113.14,275.0,11519.0,1807.0,8.0,0.0,0.7968,-0.1941
2024-02-18,1063,2023-24,normal,1933993.25,630705.5,132.47,275.0,14600.0,1867.0,8.0,0.0,0.9778,0.181
2024-02-25,1064,2023-24,normal,2017689.75,83696.5,133.07,275.0,15163.0,1926.0,8.0,0.0,0.9841,0.0063
2024-03-03,1065,2023-24,normal,1603874.25,-413815.5,118.58,275.0,13526.0,1807.0,8.0,0.0,0.9357,-0.0484
2024-03-10,1066,2023-24,normal,1836268.0,232393.75,125.96,275.0,14578.0,1867.0,8.0,0.0,0.9763,0.0406
2024-03-17,1067,2023-24,normal,2105229.0,268961.0,136.68,275.0,15403.0,1926.0,8.0,0.0,0.9997,0.0234
2024-03-24,1068,2023-24,normal,2043444.25,-61784.75,133.81,275.0,15271.0,1926.0,8.0,0.0,0.9911,-0.0086000000000001
2024-03-31,1069,2023-24,normal,2910585.0,867140.75,167.91,275.0,17334.0,1926.0,9.0,0.0,1.0,0.0089
2024-04-07,1070,2023-24,normal,2400463.0,-510122.0,155.79,275.0,15408.0,1926.0,8.0,0.0,1.0,0.0
2024-04-14,1071,2023-24,normal,1957361.0,-443102.0,129.62,275.0,15101.0,1926.0,8.0,0.0,0.9801,-0.0199
2024-04-21,1072,2023-24,normal,1966132.0,8771.0,131.43,275.0,14959.0,1926.0,8.0,0.0,0.9709,-0.0092
2024-04-28,1073,2023-24,normal,1926859.0,-39273.0,129.36,275.0,14895.0,1867.0,8.0,0.0,0.9975,0.0266
2024-05-05,1074,2023-24,normal,1586005.0,-340854.0,123.02,275.0,12892.0,1807.0,8.0,0.0,0.8918,-0.1057
2024-05-12,1075,2023-24,normal,1721354.0,135349.0,127.39,275.0,13512.0,1807.0,8.0,0.0,0.9347,0.0429
2024-05-19,1076,2023-24,normal,1847043.0,125689.0,131.43,275.0,14053.0,1807.0,8.0,0.0,0.9721,0.0374
2024-05-26,1077,2023-24,normal,2003492.0,156449.0,134.35,275.0,14912.0,1867.0,8.0,0.0,0.9987,0.0266
2024-06-02,1078,2023-24,normal,1981260.0,-22232.0,134.26,275.0,14757.0,1867.0,8.0,0.0,0.9883,-0.0104
2024-06-09,1079,2023-24,normal,2077910.0,96650.0,137.84,275.0,15075.0,1926.0,8.0,0.0,0.9784,-0.0098999999999999
2024-06-16,1080,2023-24,normal,2071557.0,-6353.0,137.98,275.0,15014.0,1926.0,8.0,0.0,0.9744,-0.004
2024-06-23,1081,2023-24,normal,2222692.0,0.0,145.54,275.0,15272.0,1926.0,8.0,0.0,0.9912,0.0
2024-06-30,1082,2023-24,normal,2143556.0,-79136.0,142.61,275.0,15031.0,1926.0,8.0,0.0,0.9755,-0.0157
2024-07-07,1083,2023-24,normal,2187828.0,44272.0,145.34,275.0,15053.0,1926.0,8.0,0.0,0.977,0.0014999999999999
2024-07-14,1084,2023-24,normal,2103272.0,-84556.0,144.27,275.0,14579.0,1867.0,8.0,0.0,0.9764,-0.0005999999999999
2024-07-21,1085,2023-24,normal,2158363.0,55091.0,145.41,275.0,14843.0,1867.0,8.0,0.0,0.994,0.0176
2024-07-28,1086,2023-24,normal,2266369.0,108006.0,147.72,275.0,15342.0,1926.0,8.0,0.0,0.9957,0.0017
2024-08-04,1087,2023-24,normal,2191994.0,-74375.0,145.87,275.0,15027.0,1926.0,8.0,0.0,0.9753,-0.0204
2024-08-11,1088,2023-24,normal,2226851.0,34857.0,146.52,275.0,15198.0,1926.0,8.0,0.0,0.9864,0.0111
2024-08-18,1089,2023-24,normal,1981378.0,-245473.0,142.35,275.0,13919.0,1807.0,8.0,0.0,0.9629,-0.0235
2024-08-25,1090,2023-24,normal,1978104.0,-3274.0,134.2,275.0,14740.0,1867.0,8.0,0.0,0.9871,0.0242
2024-09-01,1091,2024-25,normal,2181880.0,203776.0,146.08,275.0,14936.0,1926.0,8.0,0.0,0.9694,-0.0177
2024-09-08,1092,2024-25,normal,1755476.5,-426403.5,118.69,275.0,14790.0,1867.0,8.0,0.0,0.9905,0.0211
2024-09-15,1093,2024-25,normal,1831493.5,76017.0,121.48,275.0,15076.0,1926.0,8.0,0.0,0.9785,-0.012
2024-09-22,1094,2024-25,normal,1636895.0,-194598.5,133.77,275.0,12237.0,1807.0,8.0,0.0,0.8465,-0.132
2024-09-29,1095,2024-25,normal,1784757.5,147862.5,134.38,275.0,13281.0,1807.0,8.0,0.0,0.9187,0.0722
2024-10-06,1096,2024-25,normal,2046098.25,261340.75,142.14,275.0,14395.0,1807.0,8.0,0.0,0.9958,0.0771
2024-10-13,1097,2024-25,normal,2486411.25,440313.0,162.13,275.0,15336.0,1926.0,8.0,0.0,0.9953,-0.0005
2024-10-20,1098,2024-25,normal,2231866.0,-254545.25,144.85,275.0,15408.0,1926.0,8.0,0.0,1.0,0.0047
2024-10-27,1099,2024-25,normal,2217313.0,-14553.0,144.29,275.0,15367.0,1926.0,8.0,0.0,0.9973,-0.0027
2024-11-03,1100,2024-25,normal,2279448.25,62135.25,148.23,275.0,15378.0,1926.0,8.0,0.0,0.9981,0.0008
2024-11-10,1101,2024-25,normal,2451246.0,171797.75,159.09,275.0,15408.0,1926.0,8.0,0.0,1.0,0.0019
2024-11-17,1102,2024-25,normal,2445380.0,-5866.0,158.71,275.0,15408.0,1926.0,8.0,0.0,1.0,0.0
2024-11-24,1103,2024-25,normal,2560160.0,114780.0,166.16,350.0,15408.0,1926.0,8.0,0.0,1.0,0.0
2024-12-01,1104,2024-25,normal,2930221.0,370061.0,190.18,350.0,15408.0,1926.0,8.0,0.0,1.0,0.0
2024-12-08,1105,2024-25,normal,2782795.0,-147426.0,180.61,350.0,15408.0,1926.0,8.0,0.0,1.0,0.0
2024-12-15,1106,2024-25,normal,2878086.0,95291.0,186.79,350.0,15408.0,1926.0,8.0,0.0,1.0,0.0
2024-12-22,1107,2024-25,normal,3024095.0,146009.0,196.27,350.0,15408.0,1926.0,8.0,0.0,1.0,0.0
2024-12-29,1108,2024-25,normal,5037392.0,2013297.0,290.61,505.0,17334.0,1926.0,9.0,0.0,1.0,0.0
2025-01-05,1109,2024-25,normal,3294179.0,-1743213.0,213.8,375.0,15408.0,1926.0,8.0,0.0,1.0,0.0
2025-01-12,1110,2024-25,normal,2425656.0,-868523.0,157.43,375.0,15408.0,1926.0,8.0,0.0,1.0,0.0
2025-01-19,1111,2024-25,normal,2602661.0,177005.0,168.92,375.0,15408.0,1926.0,8.0,0.0,1.0,0.0
2025-01-26,1112,2024-25,normal,2415881.0,-186780.0,156.79,375.0,15408.0,1926.0,8.0,0.0,1.0,0.0
2025-02-02,1113,2024-25,normal,2319734.5,-96146.5,150.55,375.0,15408.0,1926.0,8.0,0.0,1.0,0.0
2025-02-09,1114,2024-25,normal,2324693.0,4958.5,150.88,375.0,15408.0,1926.0,8.0,0.0,1.0,0.0
2025-02-16,1115,2024-25,normal,2628457.0,303764.0,170.59,375.0,15408.0,1926.0,8.0,0.0,1.0,0.0
2025-02-23,1116,2024-25,normal,2561492.0,-66965.0,166.24,375.0,15408.0,1926.0,8.0,0.0,1.0,0.0
2025-03-02,1117,2024-25,normal,2368448.0,-193044.0,153.72,352.0,15408.0,1926.0,8.0,0.0,1.0,0.0
2025-03-09,1118,2024-25,normal,2435631.0,67183.0,158.08,352.0,15408.0,1926.0,8.0,0.0,1.0,0.0
2025-03-16,1119,2024-25,normal,2490180.0,54549.0,161.62,352.0,15408.0,1926.0,8.0,0.0,1.0,0.0
2025-03-23,1120,2024-25,normal,2545281.0,55101.0,165.19,352.0,15408.0,1926.0,8.0,0.0,1.0,0.0
2025-03-30,1121,2024-25,normal,2561828.0,16547.0,166.27,352.0,15408.0,1926.0,8.0,0.0,1.0,0.0
2025-04-06,1122,2024-25,normal,2476681.0,-85147.0,160.74,352.0,15408.0,1926.0,8.0,0.0,1.0,0.0
2025-04-13,1123,2024-25,normal,2462861.0,-13820.0,159.84,352.0,15408.0,1926.0,8.0,0.0,1.0,0.0
2025-04-20,1124,2024-25,normal,3333277.0,870416.0,192.3,352.0,17334.0,1926.0,9.0,0.0,1.0,0.0
2025-04-27,1125,2024-25,normal,2577767.0,-755510.0,167.3,352.0,15408.0,1926.0,8.0,0.0,1.0,0.0
2025-05-04,1126,2024-25,normal,2232068.0,-345699.0,144.86,352.0,15408.0,1926.0,8.0,0.0,1.0,0.0
2025-05-11,1127,2024-25,normal,2128874.0,-103194.0,138.17,352.0,15408.0,1926.0,8.0,0.0,1.0,0.0
2025-05-18,1128,2024-25,normal,2136597.0,7723.0,138.67,352.0,15408.0,1926.0,8.0,0.0,1.0,0.0
2025-05-25,1129,2024-25,normal,2353681.0,217084.0,152.76,352.0,15408.0,1926.0,8.0,0.0,1.0,0.0
2025-06-01,1130,2024-25,normal,2302654.0,-51027.0,149.45,352.0,15408.0,1926.0,8.0,0.0,1.0,0.0
2025-06-08,1131,2024-25,normal,2413805.0,111151.0,156.66,352.0,15408.0,1926.0,8.0,0.0,1.0,0.0
2025-06-15,1132,2024-25,normal,2341054.0,-72751.0,151.94,352.0,15408.0,1926.0,8.0,0.0,1.0,0.0
2025-06-22,1133,2024-25,normal,2484800.0,0.0,161.27,352.0,15408.0,1926.0,8.0,0.0,1.0,0.0
2025-06-29,1134,2024-25,normal,2435607.0,-49193.0,158.07,352.0,15408.0,1926.0,8.0,0.0,1.0,0.0
2025-07-06,1135,2024-25,normal,2257921.0,-177686.0,146.54,352.0,15408.0,1926.0,8.0,0.0,1.0,0.0
2025-07-13,1136,2024-25,normal,2311794.0,53873.0,150.04,352.0,15408.0,1926.0,8.0,0.0,1.0,0.0
2025-07-20,1137,2024-25,normal,2412935.0,101141.0,156.6,352.0,15408.0,1926.0,8.0,0.0,1.0,0.0
2025-07-27,1138,2024-25,normal,2386982.0,-25953.0,154.92,352.0,15408.0,1926.0,8.0,0.0,1.0,0.0
2025-08-03,1139,2024-25,normal,2344841.0,-42141.0,152.18,352.0,15408.0,1926.0,8.0,0.0,1.0,0.0
2025-08-10,1140,2024-25,normal,2244288.0,-100553.0,145.66,352.0,15408.0,1926.0,8.0,0.0,1.0,0.0
2025-08-17,1141,2024-25,normal,2018031.0,-226257.0,130.97,262.0,15408.0,1926.0,8.0,0.0,1.0,0.0
2025-08-24,1142,2024-25,normal,2007640.0,-10391.0,130.3,262.0,15408.0,1926.0,8.0,0.0,1.0,0.0
2025-08-31,1143,2024-25,normal,2005197.0,-2443.0,130.14,262.0,15408.0,1926.0,8.0,0.0,1.0,0.0
2025-09-07,1144,2025-26,normal,2005301.0,104.0,130.15,262.0,15408.0,1926.0,8.0,0.0,1.0,0.0
2025-09-14,1145,2025-26,normal,2003312.5,-1988.5,130.02,262.0,15408.0,1926.0,8.0,0.0,1.0,0.0
2025-09-21,1146,2025-26,normal,2005490.5,2178.0,130.16,262.0,15408.0,1926.0,8.0,0.0,1.0,0.0
2025-09-28,1147,2025-26,normal,2003339.25,-2151.25,130.02,262.0,15408.0,1926.0,8.0,0.0,1.0,0.0
2025-10-05,1148,2025-26,normal,2054921.0,51581.75,133.37,277.0,15408.0,1926.0,8.0,0.0,1.0,0.0
2025-10-12,1149,2025-26,normal,2542300.0,487379.0,165.0,277.0,15408.0,1926.0,8.0,0.0,1.0,0.0
2025-10-19,1150,2025-26,normal,2266226.0,-276074.0,147.08,277.0,15408.0,1926.0,8.0,0.0,1.0,0.0
2025-10-26,1151,2025-26,normal,2002452.0,-263774.0,129.96,277.0,15408.0,1926.0,8.0,0.0,1.0,0.0
2025-11-02,1152,2025-26,normal,2001656.0,-796.0,129.91,277.0,15408.0,1926.0,8.0,0.0,1.0,0.0
2025-11-09,1153,2025-26,normal,2291358.0,289702.0,148.71,277.0,15408.0,1926.0,8.0,0.0,1.0,0.0
2025-11-16,1154,2025-26,normal,2389650.0,98292.0,155.09,277.0,15408.0,1926.0,8.0,0.0,1.0,0.0
2025-11-23,1155,2025-26,normal,2461171.0,71521.0,159.73,277.0,15408.0,1926.0,8.0,0.0,1.0,0.0
2025-11-30,1156,2025-26,normal,3012089.0,550918.0,195.49,277.0,15408.0,1926.0,8.0,0.0,1.0,0.0
2025-12-07,1157,2025-26,normal,2700183.0,-311906.0,175.25,277.0,15408.0,1926.0,8.0,0.0,1.0,0.0
2025-12-14,1158,2025-26,normal,2763955.0,63772.0,179.38,277.0,15408.0,1926.0,8.0,0.0,1.0,0.0
2025-12-21,1159,2025-26,normal,3001721.0,237766.0,194.82,277.0,15408.0,1926.0,8.0,0.0,1.0,0.0
2025-12-28,1160,2025-26,normal,4401071.0,1399350.0,253.9,277.0,17334.0,1926.0,9.0,0.0,1.0,0.0
2026-01-04,1161,2025-26,normal,3286525.0,-1114546.0,213.3,277.0,15408.0,1926.0,8.0,0.0,1.0,0.0
2026-01-11,1162,2025-26,normal,2074900.0,-1211625.0,134.66,277.0,15408.0,1926.0,8.0,0.0,1.0,0.0
2026-01-18,1163,2025-26,normal,1942600.0,-132300.0,126.08,277.0,15408.0,1926.0,8.0,0.0,1.0,0.0
2026-01-25,1164,2025-26,normal,1792224.0,-150376.0,117.64,277.0,15235.0,1926.0,8.0,0.0,0.9888,-0.0112
2026-02-01,1165,2025-26,normal,1605163.5,-187060.5,109.15,277.0,14706.0,1867.0,8.0,0.0,0.9849,-0.0039
2026-02-08,1166,2025-26,normal,1596258.5,-8905.0,108.69,277.0,14686.0,1867.0,8.0,0.0,0.9835,-0.0014
2026-02-15,1167,2025-26,normal,2024328.5,428070.0,136.79,277.0,14799.0,1867.0,8.0,0.0,0.9911,0.0075999999999999
2026-02-22,1168,2025-26,normal,1616106.0,-408222.5,136.16,277.0,11869.0,1807.0,7.0,0.0,0.9383,-0.0528
2026-03-01,1169,2025-26,normal,1307242.0,-308864.0,94.01,277.0,13906.0,1807.0,8.0,0.0,0.962,0.0237
2026-03-08,1170,2025-26,normal,1413078.0,105836.0,102.86,277.0,13738.0,1807.0,8.0,0.0,0.9503,-0.0117
2026-03-15,1171,2025-26,normal,1723376.0,310298.0,121.53,277.0,14181.0,1807.0,8.0,0.0,0.981,0.0307
2026-03-22,1172,2025-26,normal,1949418.0,226042.0,133.6,277.0,14591.0,1867.0,8.0,0.0,0.9772,-0.0038
2026-03-29,1173,2025-26,normal,1785924.0,-163494.0,127.79,277.0,13975.0,1807.0,8.0,0.0,0.9667,-0.0105
2026-04-05,1174,2025-26,normal,2120438.0,334514.0,135.6,277.0,15638.0,1807.0,9.0,0.0,0.9616,-0.0051
2026-04-12,1175,2025-26,normal,1911641.0,-208797.0,138.73,277.0,13780.0,1807.0,8.0,0.0,0.9532,-0.0084
2026-04-19,1176,2025-26,normal,1348176.8,-563464.2,97.45,277.0,13834.0,1807.0,8.0,0.0,0.957,0.0037999999999999
2026-04-26,1177,2025-26,normal,1411474.4,63297.6,106.49,277.0,13254.0,1807.0,8.0,0.0,0.9169,-0.0401
2026-05-03,1178,2025-26,normal,1202405.45,-209068.95,92.89,277.0,12945.0,1807.0,8.0,0.0,0.8955,-0.0214
2026-05-10,1179,2025-26,normal,1104186.75,-98218.7,84.64,277.0,13045.0,1807.0,8.0,0.0,0.9024,0.0069
2026-05-17,1180,2025-26,normal,1111787.35,7600.6000000001,86.01,277.0,12927.0,1807.0,8.0,0.0,0.8942,-0.0082
2026-05-24,1181,2025-26,normal,1464058.75,352271.4,108.54,277.0,13489.0,1807.0,8.0,0.0,0.9331,0.0389
2026-05-31,1182,2025-26,normal,1338309.75,-125749.0,101.62,262.0,13170.0,1807.0,8.0,0.0,0.911,-0.0221
2026-06-07,1183,2025-26,normal,1424971.15,86661.4,106.03,277.0,13439.0,1807.0,8.0,0.0,0.9296,0.0186
2026-06-14,1184,2025-26,normal,1302790.65,-122180.5,100.45,277.0,12969.0,1807.0,8.0,0.0,0.8971,-0.0325
